Season,Name,Position,Draft.Eligible,Team,Birth Date,GP,EVG,EVA1,EVA2,EVPTS,Team.EVPTS,OI.EVGF,OI.EVGA,EVGF.PERC,TEAM.EVGF.PERC,EVGF.PERC.REL,PRIMARY.EVPTS,TEAM.PRIMARY.EVPTS,PERC.TEAM.EVPrPTS,IPP.EV,IPPP.EV
2017-18 | Regular Season,"Paquette-Bisson, Tobie",D,N,"Blainville-Boisbriand, Armada",1997-02-01,59,4,10,6,20,447,65,34,0.66,0.53,0.13,14,328,0.04,0.31,0.22
2017-18 | Regular Season,"Roy, Hugo",F,N,"Sherbrooke, Phoenix",1997-08-08,64,13,8,6,27,411,46,49,0.48,0.5,-0.02,21,302,0.07,0.59,0.46
2017-18 | Regular Season,"Mongo, Yvan",F,N,"Drummondville, Voltigeurs",1997-03-11,58,14,17,5,36,511,61,33,0.65,0.54,0.11,31,372,0.08,0.59,0.51
2017-18 | Regular Season,"Roy, Charlie",D,N,"Blainville-Boisbriand, Armada",1997-06-10,5,0,1,1,2,343,4,4,0.5,0.47,0.03,1,250,0,0.5,0.25
2017-18 | Regular Season,"Boucher, Matthew",F,N,"Québec, Remparts",1997-12-17,66,12,13,7,32,370,41,41,0.5,0.53,-0.03,25,274,0.09,0.78,0.61
2017-18 | Regular Season,"Lalonde, Bradley",D,N,"Baie-Comeau, Drakkar",1997-08-01,60,6,7,8,21,389,60,63,0.49,0.48,0.01,13,282,0.05,0.35,0.22
2017-18 | Regular Season,"Blier, Samuel",F,N,"Shawinigan, Cataractes",1997-06-13,57,8,3,5,16,343,19,48,0.28,0.47,-0.19,11,250,0.04,0.84,0.58
2017-18 | Regular Season,"Askew, Cameron",F,N,"Charlottetown, Islanders",1997-05-13,63,13,6,6,25,343,38,46,0.45,0.47,-0.02,19,250,0.08,0.66,0.5
2017-18 | Regular Season,"Barré-Boulet, Alex",F,N,"Blainville-Boisbriand, Armada",1997-05-21,65,27,17,12,56,447,68,43,0.61,0.53,0.08,44,328,0.13,0.82,0.65
2017-18 | Regular Season,"Alain, Alexandre",F,N,"Blainville-Boisbriand, Armada",1997-03-03,65,22,17,8,47,447,62,36,0.63,0.53,0.1,39,328,0.12,0.76,0.63
2017-18 | Regular Season,"Aquin, Pascal",F,N,"Charlottetown, Islanders",1997-07-03,59,8,11,5,24,365,38,30,0.56,0.51,0.05,19,272,0.07,0.63,0.5
2017-18 | Regular Season,"Fortier, Maxime",F,N,"Halifax, Mooseheads",1997-12-15,61,19,20,8,47,504,60,42,0.59,0.51,0.08,39,370,0.11,0.78,0.65
2017-18 | Regular Season,"Ford, Taylor",D,N,"Rouyn-Noranda, Huskies",1997-05-14,46,2,2,4,8,366,35,22,0.61,0.51,0.1,4,268,0.01,0.23,0.11
2017-18 | Regular Season,"Moynihan, Connor",F,N,"Halifax, Mooseheads",1997-07-20,66,16,7,12,35,504,50,34,0.6,0.51,0.09,23,370,0.06,0.7,0.46
2017-18 | Regular Season,"Holwell, Adam",D,N,"Acadie-Bathurst, Titan",1997-03-08,67,8,11,9,28,480,77,44,0.64,0.53,0.11,19,345,0.06,0.36,0.25
2017-18 | Regular Season,"Bower, William",F,N,"Charlottetown, Islanders",1997-11-07,8,0,0,0,0,365,1,2,0.33,0.51,-0.18,0,272,0,0,0
2017-18 | Regular Season,"Olivier, Mathieu",F,N,"Sherbrooke, Phoenix",1997-02-11,67,15,9,7,31,411,44,25,0.64,0.5,0.14,24,302,0.08,0.7,0.55
2017-18 | Regular Season,"Cormier, Lane",F,N,"Rouyn-Noranda, Huskies",1997-02-11,5,0,0,0,0,366,1,0,1,0.51,0.49,0,268,0,0,0
2017-18 | Regular Season,"Lanoue, Vincent",D,N,"Victoriaville, Tigres",1997-08-17,66,4,8,10,22,492,70,52,0.57,0.54,0.03,12,352,0.03,0.31,0.17
2017-18 | Regular Season,"Picco, Andrew",D,N,"Québec, Remparts",1997-04-02,56,1,3,5,9,370,38,37,0.51,0.53,-0.02,4,274,0.01,0.24,0.11
2017-18 | Regular Season,"Thompson, Will",D,N,"Gatineau, Olympiques",1997-07-02,60,1,8,4,13,366,45,37,0.55,0.51,0.04,9,268,0.03,0.29,0.2
2017-18 | Regular Season,"Dove-McFalls, Samuel",F,N,"Rimouski, Océanic",1997-04-10,64,18,21,9,48,434,67,35,0.66,0.53,0.13,39,312,0.12,0.72,0.58
2017-18 | Regular Season,"Webster, Bailey",D,N,"Saint John, Sea Dogs",1997-09-08,67,1,5,5,11,316,45,70,0.39,0.42,-0.03,6,235,0.03,0.24,0.13
2017-18 | Regular Season,"Phelan, James",F,N,"Moncton, Wildcats",1997-02-18,64,11,15,8,34,390,41,52,0.44,0.48,-0.04,26,281,0.09,0.83,0.63
2017-18 | Regular Season,"Welsh, Nicholas",D,N,"Moncton, Wildcats",1997-05-07,68,3,20,10,33,390,65,69,0.49,0.48,0.01,23,281,0.08,0.51,0.35
2017-18 | Regular Season,"Harwell, Chase",F,N,"Victoriaville, Tigres",1997-01-11,67,16,4,12,32,492,39,45,0.46,0.54,-0.08,20,352,0.06,0.82,0.51
2017-18 | Regular Season,"Truchon-Viel, Jeffrey",F,N,"Acadie-Bathurst, Titan",1997-01-28,58,24,11,6,41,480,55,32,0.63,0.53,0.1,35,345,0.1,0.75,0.64
2017-18 | Regular Season,"Henley, David",D,N,"Val-d'Or, Foreurs",1997-03-13,54,1,2,3,6,310,44,63,0.41,0.43,-0.02,3,225,0.01,0.14,0.07
2017-18 | Regular Season,"Galipeau, Olivier",D,N,"Acadie-Bathurst, Titan",1997-05-22,67,14,13,10,37,347,80,40,0.67,0.51,0.16,27,255,0.11,0.46,0.34
2017-18 | Regular Season,"Fournier, Jordan Ty",F,N,"Cape Breton, Screaming Eagles",1997-04-04,67,12,7,6,25,379,35,30,0.54,0.46,0.08,19,276,0.07,0.71,0.54
2017-18 | Regular Season,"Nadeau, Mathieu",F,N,"Rimouski, Océanic",1997-01-03,59,11,17,9,37,310,50,43,0.54,0.43,0.11,28,225,0.12,0.74,0.56
2017-18 | Regular Season,"Maher, Jordan",F,N,"Acadie-Bathurst, Titan",1998-03-11,63,12,14,12,38,480,62,28,0.69,0.53,0.16,26,345,0.08,0.61,0.42
2017-18 | Regular Season,"Francis, Elijah",D,N,"Acadie-Bathurst, Titan",1998-03-05,54,1,4,2,7,480,25,21,0.54,0.53,0.01,5,345,0.01,0.28,0.2
2017-18 | Regular Season,"Boivin, Félix",D,N,"Victoriaville, Tigres",1998-03-11,68,5,5,9,19,492,57,42,0.58,0.54,0.04,10,352,0.03,0.33,0.18
2017-18 | Regular Season,"Huntington, Jimmy",F,N,"Victoriaville, Tigres",1998-11-18,68,12,14,9,35,492,54,49,0.52,0.54,-0.02,26,352,0.07,0.65,0.48
2017-18 | Regular Season,"Beauchamp, Anthony",F,N,"Gatineau, Olympiques",1998-10-23,65,8,6,7,21,324,33,30,0.52,0.47,0.05,14,239,0.06,0.64,0.42
2017-18 | Regular Season,"Chevrier, Simon",F,N,"Baie-Comeau, Drakkar",1997-05-19,58,1,6,10,17,389,34,36,0.49,0.48,0.01,7,282,0.02,0.5,0.21
2017-18 | Regular Season,"Katerinakis, Alexander",F,N,"Blainville-Boisbriand, Armada",1998-04-25,51,12,13,7,32,447,41,20,0.67,0.53,0.14,25,328,0.08,0.78,0.61
2017-18 | Regular Season,"Hylland, Tyler",F,N,"Cape Breton, Screaming Eagles",1998-04-21,57,8,6,4,18,379,30,33,0.48,0.46,0.02,14,276,0.05,0.6,0.47
2017-18 | Regular Season,"Adams-Moisan, Morgan",F,N,"Drummondville, Voltigeurs",1997-02-06,68,18,15,5,38,511,52,31,0.63,0.54,0.09,33,372,0.09,0.73,0.63
2017-18 | Regular Season,"Castonguay, Daven",D,N,"Drummondville, Voltigeurs",1998-05-21,57,1,5,3,9,511,51,34,0.6,0.54,0.06,6,372,0.02,0.18,0.12
2017-18 | Regular Season,"King, Sam",F,N,"Charlottetown, Islanders",1998-05-11,68,9,7,5,21,365,31,41,0.43,0.51,-0.08,16,272,0.06,0.68,0.52
2017-18 | Regular Season,"Corbeil, Pascal",D,N,"Blainville-Boisbriand, Armada",1998-01-21,46,9,7,6,22,447,41,26,0.61,0.53,0.08,16,328,0.05,0.54,0.39
2017-18 | Regular Season,"Beaudin, Jérémie",D,N,"Victoriaville, Tigres",1998-05-14,66,2,14,6,22,492,61,49,0.55,0.54,0.01,16,352,0.05,0.36,0.26
2017-18 | Regular Season,"L'Italien, Samuel",F,N,"Acadie-Bathurst, Titan",1998-04-13,68,8,10,12,30,480,51,35,0.59,0.53,0.06,18,345,0.05,0.59,0.35
2017-18 | Regular Season,"Martineau, Phélix",F,N,"Cape Breton, Screaming Eagles",1997-06-03,68,21,10,6,37,379,52,54,0.49,0.46,0.03,31,276,0.11,0.71,0.6
2017-18 | Regular Season,"Balmas, Mitchell",F,N,"Acadie-Bathurst, Titan",1998-03-19,68,24,10,5,39,324,66,44,0.6,0.47,0.13,34,239,0.14,0.59,0.52
2017-18 | Regular Season,"Guilbault, Samuel",F,N,"Shawinigan, Cataractes",1998-04-09,12,3,0,1,4,343,4,6,0.4,0.47,-0.07,3,250,0.01,1,0.75
2017-18 | Regular Season,"Smith, Andrew",D,N,"Victoriaville, Tigres",1998-03-18,62,0,4,3,7,492,32,37,0.46,0.54,-0.08,4,352,0.01,0.22,0.12
2017-18 | Regular Season,"Getson, Keith",F,N,"Charlottetown, Islanders",1998-03-29,68,9,9,7,25,365,41,37,0.53,0.51,0.02,18,272,0.07,0.61,0.44
2017-18 | Regular Season,"Wojcik, Anthony",F,N,"Québec, Remparts",1998-05-29,9,1,0,0,1,370,1,2,0.33,0.53,-0.2,1,274,0,1,1
2017-18 | Regular Season,"Bélanger, Jean-Simon",F,N,"Baie-Comeau, Drakkar",1998-03-03,27,3,3,1,7,389,10,10,0.5,0.48,0.02,6,282,0.02,0.7,0.6
2017-18 | Regular Season,"Gagné, Benjamin",D,N,"Québec, Remparts",1998-10-22,66,8,8,9,25,370,62,57,0.52,0.53,-0.01,16,274,0.06,0.4,0.26
2017-18 | Regular Season,"Sévigny, Mathieu",F,N,"Victoriaville, Tigres",1998-03-12,41,7,8,5,20,492,28,21,0.57,0.54,0.03,15,352,0.04,0.71,0.54
2017-18 | Regular Season,"Laberge, Pascal",F,N,"Québec, Remparts",1998-04-09,64,11,14,8,33,492,49,37,0.57,0.54,0.03,25,352,0.07,0.67,0.51
2017-18 | Regular Season,"Landreville, Alexandre",F,N,"Gatineau, Olympiques",1997-04-24,68,8,0,9,17,324,31,36,0.46,0.47,-0.01,8,239,0.03,0.55,0.26
2017-18 | Regular Season,"Crossley, Brett",F,N,"Halifax, Mooseheads",1998-01-03,66,4,3,1,8,504,16,17,0.48,0.51,-0.03,7,370,0.02,0.5,0.44
2017-18 | Regular Season,"Dachyshyn, Barrett",F,N,"Halifax, Mooseheads",1998-10-05,52,1,2,0,3,504,9,15,0.38,0.51,-0.13,3,370,0.01,0.33,0.33
2017-18 | Regular Season,"Nauss, Morgan",D,N,"Chicoutimi, Saguenéens",1998-04-20,60,3,7,9,19,347,44,56,0.44,0.51,-0.07,10,255,0.04,0.43,0.23
2017-18 | Regular Season,"Corson, Noah",F,N,"Baie-Comeau, Drakkar",1998-03-17,10,2,1,1,4,389,4,6,0.4,0.48,-0.08,3,282,0.01,1,0.75
2017-18 | Regular Season,"Murphy, Liam",F,N,"Acadie-Bathurst, Titan",1998-01-20,65,14,10,3,27,480,46,38,0.55,0.53,0.02,24,345,0.07,0.59,0.52
2017-18 | Regular Season,"Tesink, Marcus",D,N,"Saint John, Sea Dogs",1998-08-05,15,0,1,1,2,316,7,11,0.39,0.42,-0.03,1,235,0,0.29,0.14
2017-18 | Regular Season,"Duquette, Marc-Olivier",D,N,"Drummondville, Voltigeurs",1998-03-26,68,2,8,9,19,511,51,49,0.51,0.54,-0.03,10,372,0.03,0.37,0.2
2017-18 | Regular Season,"Sutton, Jesse",F,N,"Québec, Remparts",1998-03-28,68,15,9,4,28,370,39,41,0.49,0.53,-0.04,24,274,0.09,0.72,0.62
2017-18 | Regular Season,"Garneau, Olivier",F,N,"Québec, Remparts",1998-07-21,67,11,9,7,27,370,46,42,0.52,0.53,-0.01,20,274,0.07,0.59,0.43
2017-18 | Regular Season,"Demers, Pierre-Olivier",D,N,"Victoriaville, Tigres",1998-03-21,11,0,0,0,0,492,0,2,0,0.54,-0.54,0,352,0,,
2017-18 | Regular Season,"Fortin, Louis-Philip",D,N,"Acadie-Bathurst, Titan",1998-01-24,13,0,0,0,0,480,2,6,0.25,0.53,-0.28,0,345,0,0,0
2017-18 | Regular Season,"MacDougall, Ross",D,N,"Cape Breton, Screaming Eagles",1997-03-06,42,2,8,3,13,379,38,39,0.49,0.46,0.03,10,276,0.04,0.34,0.26
2017-18 | Regular Season,"Cormier, Dominic",D,N,"Rimouski, Océanic",1998-01-02,66,8,10,14,32,492,78,40,0.66,0.54,0.12,18,352,0.05,0.41,0.23
2017-18 | Regular Season,"Neveu, Jacob",D,N,"Rouyn-Noranda, Huskies",1998-01-12,67,5,5,2,12,366,45,42,0.52,0.51,0.01,10,268,0.04,0.27,0.22
2017-18 | Regular Season,"Lauzon, Zachary",D,N,"Rouyn-Noranda, Huskies",1998-10-10,25,0,0,2,2,366,19,15,0.56,0.51,0.05,0,268,0,0.11,0
2017-18 | Regular Season,"Abbandonato, Peter",F,N,"Rouyn-Noranda, Huskies",1998-03-25,68,15,22,4,41,366,55,44,0.56,0.51,0.05,37,268,0.14,0.75,0.67
2017-18 | Regular Season,"Boucher, Mathieu",F,N,"Rouyn-Noranda, Huskies",1997-04-19,66,17,10,10,37,366,50,46,0.52,0.51,0.01,27,268,0.1,0.74,0.54
2017-18 | Regular Season,"Green, Luke",D,N,"Sherbrooke, Phoenix",1998-01-12,14,4,0,5,9,411,15,5,0.75,0.5,0.25,4,302,0.01,0.6,0.27
2017-18 | Regular Season,"Tessier, Julien",F,N,"Moncton, Wildcats",1998-04-01,67,14,17,7,38,390,49,72,0.4,0.48,-0.08,31,281,0.11,0.78,0.63
2017-18 | Regular Season,"Green, Matt",F,N,"Saint John, Sea Dogs",1998-01-12,34,3,1,3,7,316,9,24,0.27,0.42,-0.15,4,235,0.02,0.78,0.44
2017-18 | Regular Season,"Smith, Declan",F,N,"Cape Breton, Screaming Eagles",1998-05-07,65,9,12,5,26,379,31,41,0.43,0.46,-0.03,21,276,0.08,0.84,0.68
2017-18 | Regular Season,"Ward, Kyle",F,N,"Rouyn-Noranda, Huskies",1997-12-29,8,2,0,0,2,366,4,4,0.5,0.51,-0.01,2,268,0.01,0.5,0.5
2017-18 | Regular Season,"Girard, Samuel",D,N,"Shawinigan, Cataractes",1998-05-12,0,0,0,0,0,343,0,0,,0.47,,0,250,0,,
2017-18 | Regular Season,"Sylvestre, Gabriel",D,N,"Moncton, Wildcats",1998-01-22,60,7,5,4,16,390,50,61,0.45,0.48,-0.03,12,281,0.04,0.32,0.24
2017-18 | Regular Season,"Asselin, Samuel",F,N,"Acadie-Bathurst, Titan",1998-07-01,48,8,15,7,30,343,42,43,0.49,0.47,0.02,23,250,0.09,0.71,0.55
2017-18 | Regular Season,"Paré, Justin",F,N,"Victoriaville, Tigres",1998-01-31,31,4,1,7,12,492,17,11,0.61,0.54,0.07,5,352,0.01,0.71,0.29
2017-18 | Regular Season,"Grégoire, Thomas",D,N,"Sherbrooke, Phoenix",1998-07-15,67,6,20,10,36,411,64,54,0.54,0.5,0.04,26,302,0.09,0.56,0.41
2017-18 | Regular Season,"Poulin, Nicolas",F,N,"Sherbrooke, Phoenix",1997-07-24,64,23,15,10,48,411,68,48,0.59,0.5,0.09,38,302,0.13,0.71,0.56
2017-18 | Regular Season,"Gilbert, Kevin",F,N,"Sherbrooke, Phoenix",1998-03-24,57,6,10,1,17,411,26,32,0.45,0.5,-0.05,16,302,0.05,0.65,0.62
2017-18 | Regular Season,"Bilodeau, Gabriel",D,N,"Gatineau, Olympiques",1998-06-04,66,3,4,4,11,324,40,37,0.52,0.47,0.05,7,239,0.03,0.28,0.18
2017-18 | Regular Season,"Higgins, Tyler",D,N,"Gatineau, Olympiques",1998-08-02,51,0,3,6,9,324,31,33,0.48,0.47,0.01,3,239,0.01,0.29,0.1
2017-18 | Regular Season,"Desjardins, Olivier",D,N,"Charlottetown, Islanders",1997-05-31,66,4,2,2,8,390,34,43,0.44,0.48,-0.04,6,281,0.02,0.24,0.18
2017-18 | Regular Season,"Dion, Yan",F,N,"Val-d'Or, Foreurs",1998-05-05,64,8,10,3,21,310,28,54,0.34,0.43,-0.09,18,225,0.08,0.75,0.64
2017-18 | Regular Season,"Lauzon, Félix",F,N,"Victoriaville, Tigres",1998-04-30,38,6,8,6,20,492,28,22,0.56,0.54,0.02,14,352,0.04,0.71,0.5
2017-18 | Regular Season,"Breton, Alex",D,N,"Gatineau, Olympiques",1997-07-05,59,1,10,2,13,324,60,40,0.6,0.47,0.13,11,239,0.05,0.22,0.18
2017-18 | Regular Season,"Bertrand, Yannik",F,N,"Rimouski, Océanic",1997-11-12,24,4,0,3,7,434,11,9,0.55,0.53,0.02,4,312,0.01,0.64,0.36
2017-18 | Regular Season,"Marsh, Adam",F,N,"Charlottetown, Islanders",1997-08-22,19,3,4,2,9,365,13,9,0.59,0.51,0.08,7,272,0.03,0.69,0.54
2017-18 | Regular Season,"Theede, Dawson",F,N,"Acadie-Bathurst, Titan",1997-04-15,49,13,11,2,26,324,33,34,0.49,0.47,0.02,24,239,0.1,0.79,0.73
2017-18 | Regular Season,"Morand, Antoine",F,N,"Acadie-Bathurst, Titan",1999-02-18,66,17,19,10,46,480,61,44,0.58,0.53,0.05,36,345,0.1,0.75,0.59
2017-18 | Regular Season,"Gravel, Jérôme",D,N,"Victoriaville, Tigres",1999-08-27,64,6,8,6,20,492,52,36,0.59,0.54,0.05,14,352,0.04,0.38,0.27
2017-18 | Regular Season,"Ryczek, Jake",D,N,"Halifax, Mooseheads",1998-03-19,33,5,9,7,21,504,44,29,0.6,0.51,0.09,14,370,0.04,0.48,0.32
2017-18 | Regular Season,"LeCouffe, Marc-André",F,N,"Acadie-Bathurst, Titan",1999-06-15,40,2,2,3,7,480,10,10,0.5,0.53,-0.03,4,345,0.01,0.7,0.4
2017-18 | Regular Season,"Aucoin, Yan",D,N,"Baie-Comeau, Drakkar",1999-08-01,62,3,4,5,12,389,49,57,0.46,0.48,-0.02,7,282,0.02,0.24,0.14
2017-18 | Regular Season,"Capannelli, Adam",F,N,"Moncton, Wildcats",1999-05-17,42,2,5,7,14,390,19,35,0.35,0.48,-0.13,7,281,0.02,0.74,0.37
2017-18 | Regular Season,"Benoit, Christopher",F,N,"Baie-Comeau, Drakkar",1999-05-31,68,6,4,4,14,389,20,45,0.31,0.48,-0.17,10,282,0.04,0.7,0.5
2017-18 | Regular Season,"Girard, Antoine",F,N,"Baie-Comeau, Drakkar",1998-09-22,50,4,5,5,14,389,22,32,0.41,0.48,-0.07,9,282,0.03,0.64,0.41
2017-18 | Regular Season,"Tardif, Louis Jr",D,N,"Baie-Comeau, Drakkar",1999-02-11,68,1,0,3,4,389,38,43,0.47,0.48,-0.01,1,282,0,0.11,0.03
2017-18 | Regular Season,"Martel, Jordan",F,N,"Baie-Comeau, Drakkar",1998-02-24,66,26,14,8,48,389,62,43,0.59,0.48,0.11,40,282,0.14,0.77,0.65
2017-18 | Regular Season,"Gallo-Demetris, Isaiah",F,N,"Baie-Comeau, Drakkar",1999-03-09,50,6,6,2,14,389,19,24,0.44,0.48,-0.04,12,282,0.04,0.74,0.63
2017-18 | Regular Season,"Crête-Belzile, Antoine",D,N,"Blainville-Boisbriand, Armada",1999-08-19,51,2,2,3,7,447,45,22,0.67,0.53,0.14,4,328,0.01,0.16,0.09
2017-18 | Regular Season,"Teasdale, Joël",F,N,"Blainville-Boisbriand, Armada",1999-03-11,65,17,6,7,30,447,50,30,0.62,0.53,0.09,23,328,0.07,0.6,0.46
2017-18 | Regular Season,"Poulin, Anthony",F,N,"Blainville-Boisbriand, Armada",1999-08-26,40,6,4,3,13,447,28,15,0.65,0.53,0.12,10,328,0.03,0.46,0.36
2017-18 | Regular Season,"Boucher, Anthony",F,N,"Saint John, Sea Dogs",1998-06-25,68,11,4,7,22,316,37,62,0.37,0.42,-0.05,15,235,0.06,0.59,0.41
2017-18 | Regular Season,"Miller, Shaun",F,N,"Blainville-Boisbriand, Armada",1999-06-04,47,4,10,6,20,447,28,28,0.5,0.53,-0.03,14,328,0.04,0.71,0.5
2017-18 | Regular Season,"Ethier, Thomas",F,Y,"Blainville-Boisbriand, Armada",1999-10-12,65,6,8,8,22,447,44,27,0.62,0.53,0.09,14,328,0.04,0.5,0.32
2017-18 | Regular Season,"Kemp, Michael",D,N,"Blainville-Boisbriand, Armada",1998-03-03,46,7,4,0,11,447,35,31,0.53,0.53,0,11,328,0.03,0.31,0.31
2017-18 | Regular Season,"Anglehart, Rémy",F,N,"Blainville-Boisbriand, Armada",1999-06-19,58,13,7,5,25,447,36,22,0.62,0.53,0.09,20,328,0.06,0.69,0.56
2017-18 | Regular Season,"Hoyt, Peyton",F,N,"Cape Breton, Screaming Eagles",1999-02-18,52,15,4,1,20,379,26,22,0.54,0.46,0.08,19,276,0.07,0.77,0.73
2017-18 | Regular Season,"Roy, Sacha",D,N,"Cape Breton, Screaming Eagles",1999-04-05,55,2,2,4,8,379,29,43,0.4,0.46,-0.06,4,276,0.01,0.28,0.14
2017-18 | Regular Season,"Sansfaçon, Alexis",D,N,"Blainville-Boisbriand, Armada",1999-03-09,60,0,4,5,9,447,36,39,0.48,0.53,-0.05,4,328,0.01,0.25,0.11
2017-18 | Regular Season,"Batherson, Drake",F,N,"Blainville-Boisbriand, Armada",1998-04-27,51,13,20,8,41,447,55,42,0.57,0.53,0.04,33,328,0.1,0.75,0.6
2017-18 | Regular Season,"Boudrias, Shawn",F,N,"Gatineau, Olympiques",1999-09-14,60,15,10,6,31,324,43,36,0.54,0.47,0.07,25,239,0.1,0.72,0.58
2017-18 | Regular Season,"Joseph, Pierre-Olivier",D,N,"Charlottetown, Islanders",1999-07-01,63,8,9,7,24,365,51,53,0.49,0.51,-0.02,17,272,0.06,0.47,0.33
2017-18 | Regular Season,"Grouchy, Matthew",F,Y,"Charlottetown, Islanders",1999-11-19,63,11,6,3,20,365,34,31,0.52,0.51,0.01,17,272,0.06,0.59,0.5
2017-18 | Regular Season,"Groleau, Jérémy",D,Y,"Chicoutimi, Saguenéens",1999-10-25,63,4,6,3,13,347,42,48,0.47,0.51,-0.04,10,255,0.04,0.31,0.24
2017-18 | Regular Season,"MacIsaac, Keenan",D,N,"Acadie-Bathurst, Titan",1999-04-01,68,1,7,9,17,480,56,50,0.53,0.53,0,8,345,0.02,0.3,0.14
2017-18 | Regular Season,"Guay, Nicolas",F,N,"Drummondville, Voltigeurs",1999-06-18,68,19,17,2,38,511,51,50,0.5,0.54,-0.04,36,372,0.1,0.75,0.71
2017-18 | Regular Season,"Noël, David",D,N,"Val-d'Or, Foreurs",1999-04-10,68,8,7,11,26,310,51,94,0.35,0.43,-0.08,15,225,0.07,0.51,0.29
2017-18 | Regular Season,"Lavigne, Zachary",F,N,"Chicoutimi, Saguenéens",1998-11-10,44,10,4,6,20,347,32,25,0.56,0.51,0.05,14,255,0.05,0.62,0.44
2017-18 | Regular Season,"Desgroseilliers, Nicolas",F,N,"Drummondville, Voltigeurs",1998-05-26,22,3,1,0,4,511,10,12,0.45,0.54,-0.09,4,372,0.01,0.4,0.4
2017-18 | Regular Season,"Tremblay-Lapalme, Vincent",F,N,"Chicoutimi, Saguenéens",1999-03-15,64,4,10,4,18,347,29,37,0.44,0.51,-0.07,14,255,0.05,0.62,0.48
2017-18 | Regular Season,"Gagné, Marc-Antoine",F,N,"Chicoutimi, Saguenéens",1999-01-21,15,0,1,0,1,347,3,4,0.43,0.51,-0.08,1,255,0,0.33,0.33
2017-18 | Regular Season,"Gaboury-Potvin, Alexis",F,N,"Chicoutimi, Saguenéens",1999-03-10,28,2,1,2,5,347,7,9,0.44,0.51,-0.07,3,255,0.01,0.71,0.43
2017-18 | Regular Season,"Poirier, William",F,Y,"Saint John, Sea Dogs",1999-11-13,65,6,3,5,14,316,32,62,0.34,0.42,-0.08,9,235,0.04,0.44,0.28
2017-18 | Regular Season,"Beaudin, Nicolas",D,Y,"Drummondville, Voltigeurs",1999-10-07,68,6,9,18,33,511,80,55,0.59,0.54,0.05,15,372,0.04,0.41,0.19
2017-18 | Regular Season,"Gaumond, Samuel",F,N,"Rimouski, Océanic",1999-02-01,11,0,0,1,1,434,1,2,0.33,0.53,-0.2,0,312,0,1,0
2017-18 | Regular Season,"Côté, Jérémy",F,N,"Victoriaville, Tigres",1999-05-03,52,2,6,3,11,492,13,16,0.45,0.54,-0.09,8,352,0.02,0.85,0.62
2017-18 | Regular Season,"Gagnon, Anthony",F,N,"Gatineau, Olympiques",1999-02-22,67,7,5,5,17,324,33,33,0.5,0.47,0.03,12,239,0.05,0.52,0.36
2017-18 | Regular Season,"Joly, D'Artagnan",F,N,"Baie-Comeau, Drakkar",1999-04-07,55,14,23,6,43,389,53,43,0.55,0.48,0.07,37,282,0.13,0.81,0.7
2017-18 | Regular Season,"Durocher, Jeffrey",F,N,"Gatineau, Olympiques",1999-01-13,63,6,4,9,19,324,29,34,0.46,0.47,-0.01,10,239,0.04,0.66,0.34
2017-18 | Regular Season,"Paradis, Joakim",D,N,"Baie-Comeau, Drakkar",1999-07-27,43,3,1,5,9,347,22,24,0.48,0.51,-0.03,4,255,0.02,0.41,0.18
2017-18 | Regular Season,"Basque, William",F,N,"Gatineau, Olympiques",1999-04-10,33,1,3,1,5,324,7,16,0.3,0.47,-0.17,4,239,0.02,0.71,0.57
2017-18 | Regular Season,"Milot-Ouellet, Vincent",F,N,"Chicoutimi, Saguenéens",1998-11-06,68,5,4,5,14,347,26,44,0.37,0.51,-0.14,9,255,0.04,0.54,0.35
2017-18 | Regular Season,"Lacombe, Pier-Olivier",D,N,"Gatineau, Olympiques",1999-07-24,65,6,4,5,15,324,25,26,0.49,0.47,0.02,10,239,0.04,0.6,0.4
2017-18 | Regular Season,"Durandeau, Arnaud",F,N,"Halifax, Mooseheads",1999-01-14,67,14,19,10,43,504,63,62,0.5,0.51,-0.01,33,370,0.09,0.68,0.52
2017-18 | Regular Season,"Flower, Walter",D,N,"Halifax, Mooseheads",1999-05-07,43,3,4,5,12,504,35,30,0.54,0.51,0.03,7,370,0.02,0.34,0.2
2017-18 | Regular Season,"Lepage, Jordan",D,N,"Halifax, Mooseheads",1999-05-07,47,2,7,1,10,434,38,26,0.59,0.53,0.06,9,312,0.03,0.26,0.24
2017-18 | Regular Season,"Charlebois, Mathieu",D,N,"Gatineau, Olympiques",1999-02-14,61,0,2,2,4,324,30,27,0.53,0.47,0.06,2,239,0.01,0.13,0.07
2017-18 | Regular Season,"Bishop, Joel",F,N,"Halifax, Mooseheads",1999-05-07,53,5,6,5,16,504,26,27,0.49,0.51,-0.02,11,370,0.03,0.62,0.42
2017-18 | Regular Season,"Higgins, Ben",F,N,"Halifax, Mooseheads",1999-02-04,65,3,5,2,10,504,19,16,0.54,0.51,0.03,8,370,0.02,0.53,0.42
2017-18 | Regular Season,"Jones, Cooper",D,N,"Halifax, Mooseheads",1998-06-09,53,1,1,2,4,504,28,33,0.46,0.51,-0.05,2,370,0.01,0.14,0.07
2017-18 | Regular Season,"Cyr, Mika",F,N,"Moncton, Wildcats",1999-07-14,44,15,4,7,26,390,35,28,0.56,0.48,0.08,19,281,0.07,0.74,0.54
2017-18 | Regular Season,"Crossman, Ethan",F,N,"Acadie-Bathurst, Titan",1999-03-13,66,15,12,3,30,480,47,27,0.64,0.53,0.11,27,345,0.08,0.64,0.57
2017-18 | Regular Season,"Aspirot, Jonathan",D,N,"Moncton, Wildcats",1999-05-16,67,6,6,7,19,390,62,65,0.49,0.48,0.01,12,281,0.04,0.31,0.19
2017-18 | Regular Season,"McKenna, Jeremy",F,N,"Moncton, Wildcats",1999-04-20,68,23,13,15,51,390,64,54,0.54,0.48,0.06,36,281,0.13,0.8,0.56
2017-18 | Regular Season,"MacArthur, Brodie",F,N,"Moncton, Wildcats",1999-04-23,1,0,0,0,0,390,0,0,,0.48,,0,281,0,,
2017-18 | Regular Season,"Gentile, Derek",F,N,"Charlottetown, Islanders",1999-04-09,67,15,14,11,40,365,55,53,0.51,0.51,0,29,272,0.11,0.73,0.53
2017-18 | Regular Season,"Robidoux, Mikael",F,N,"Québec, Remparts",1999-04-17,41,6,5,4,15,370,20,8,0.71,0.53,0.18,11,274,0.04,0.75,0.55
2017-18 | Regular Season,"Huntley, Christian",D,N,"Québec, Remparts",1999-03-02,61,5,5,10,20,370,36,38,0.49,0.53,-0.04,10,274,0.04,0.56,0.28
2017-18 | Regular Season,"Verrette, Etienne",D,N,"Québec, Remparts",1998-12-21,56,1,8,8,17,370,44,32,0.58,0.53,0.05,9,274,0.03,0.39,0.2
2017-18 | Regular Season,"Voyer, Alex-Olivier",F,N,"Rimouski, Océanic",1999-04-10,55,9,8,7,24,434,38,26,0.59,0.53,0.06,17,312,0.05,0.63,0.45
2017-18 | Regular Season,"MacKinnon, Carson",F,N,"Rimouski, Océanic",1999-08-02,65,9,7,9,25,434,33,24,0.58,0.53,0.05,16,312,0.05,0.76,0.48
2017-18 | Regular Season,"D'Astous, Charle-Edouard",D,N,"Rimouski, Océanic",1998-04-21,59,9,9,16,34,434,72,44,0.62,0.53,0.09,18,312,0.06,0.47,0.25
2017-18 | Regular Season,"Girard, Alexis",D,Y,"Saint John, Sea Dogs",1999-12-22,62,3,6,8,17,316,44,60,0.42,0.42,0,9,235,0.04,0.39,0.2
2017-18 | Regular Season,"Trépanier, Maxim",F,N,"Gatineau, Olympiques",1999-05-15,52,9,12,3,24,324,34,32,0.52,0.47,0.05,21,239,0.09,0.71,0.62
2017-18 | Regular Season,"Cormier, Dominic",F,N,"Rimouski, Océanic",1999-07-27,10,1,0,0,1,434,1,1,0.5,0.53,-0.03,1,312,0,1,1
2017-18 | Regular Season,"Forest, Wilson",D,N,"Rimouski, Océanic",1998-03-11,67,1,9,2,12,434,52,40,0.57,0.53,0.04,10,312,0.03,0.23,0.19
2017-18 | Regular Season,"Côté, Louis-Filip",F,N,"Québec, Remparts",1999-05-02,68,10,10,2,22,370,34,24,0.59,0.53,0.06,20,274,0.07,0.65,0.59
2017-18 | Regular Season,"Bibeau, Félix",F,N,"Rouyn-Noranda, Huskies",1999-03-31,61,10,9,9,28,366,42,20,0.68,0.51,0.17,19,268,0.07,0.67,0.45
2017-18 | Regular Season,"Després, Hugo",F,N,"Rouyn-Noranda, Huskies",1999-07-18,35,3,4,4,11,366,18,21,0.46,0.51,-0.05,7,268,0.03,0.61,0.39
2017-18 | Regular Season,"Cyr, William",D,N,"Rouyn-Noranda, Huskies",1999-05-06,65,6,6,6,18,366,46,30,0.61,0.51,0.1,12,268,0.04,0.39,0.26
2017-18 | Regular Season,"Harvey-Pinard, Rafaël",F,N,"Rouyn-Noranda, Huskies",1999-01-06,67,13,19,6,38,366,55,24,0.7,0.51,0.19,32,268,0.12,0.69,0.58
2017-18 | Regular Season,"Naud, Samuel",F,Y,"Rouyn-Noranda, Huskies",1999-10-16,60,3,3,3,9,366,22,26,0.46,0.51,-0.05,6,268,0.02,0.41,0.27
2017-18 | Regular Season,"Diotte, Jérémy",D,N,"Chicoutimi, Saguenéens",1999-06-07,66,1,10,7,18,347,48,38,0.56,0.51,0.05,11,255,0.04,0.38,0.23
2017-18 | Regular Season,"Veleno, Joe",F,Y,"Drummondville, Voltigeurs",2000-01-13,64,12,14,10,36,511,45,43,0.51,0.54,-0.03,26,372,0.07,0.8,0.58
2017-18 | Regular Season,"Paré, Cédric",F,N,"Saint John, Sea Dogs",1999-01-24,60,7,9,6,22,316,42,47,0.47,0.42,0.05,16,235,0.07,0.52,0.38
2017-18 | Regular Season,"Martineau, Vincent",D,N,"Rimouski, Océanic",1999-05-02,10,0,0,2,2,434,6,3,0.67,0.53,0.14,0,312,0,0.33,0
2017-18 | Regular Season,"Reid, Ben",F,N,"Saint John, Sea Dogs",1999-06-04,35,5,4,1,10,316,15,25,0.38,0.42,-0.04,9,235,0.04,0.67,0.6
2017-18 | Regular Season,"Smallwood, Ian",D,N,"Cape Breton, Screaming Eagles",1999-01-22,36,2,2,4,8,379,20,16,0.56,0.46,0.1,4,276,0.01,0.4,0.2
2017-18 | Regular Season,"Lafrenière, Alexandre",F,N,"Saint John, Sea Dogs",1999-05-20,14,1,1,1,3,316,4,7,0.36,0.42,-0.06,2,235,0.01,0.75,0.5
2017-18 | Regular Season,"Leblanc, Samuel",F,N,"Blainville-Boisbriand, Armada",1999-06-18,41,2,2,0,4,447,11,21,0.34,0.53,-0.19,4,328,0.01,0.36,0.36
2017-18 | Regular Season,"Chainey, Jocktan",D,N,"Halifax, Mooseheads",1999-09-08,66,5,7,11,23,504,76,61,0.55,0.51,0.04,12,370,0.03,0.3,0.16
2017-18 | Regular Season,"Cardinal, Tommy",F,N,"Shawinigan, Cataractes",1999-01-14,63,3,1,2,6,343,12,53,0.18,0.47,-0.29,4,250,0.02,0.5,0.33
2017-18 | Regular Season,"Fortin, Jérémy",F,N,"Chicoutimi, Saguenéens",1999-07-09,62,4,5,3,12,347,20,31,0.39,0.51,-0.12,9,255,0.04,0.6,0.45
2017-18 | Regular Season,"Benoit, Simon",D,N,"Shawinigan, Cataractes",1998-09-19,63,2,9,5,16,343,42,74,0.36,0.47,-0.11,11,250,0.04,0.38,0.26
2017-18 | Regular Season,"Senez, Vincent",F,N,"Shawinigan, Cataractes",1998-09-11,48,6,8,7,21,343,29,39,0.43,0.47,-0.04,14,250,0.06,0.72,0.48
2017-18 | Regular Season,"Pouliot, Xavier",D,N,"Chicoutimi, Saguenéens",1998-12-22,52,0,2,2,4,347,26,38,0.41,0.51,-0.1,2,255,0.01,0.15,0.08
2017-18 | Regular Season,"Imbeault, Jason",F,N,"Rimouski, Océanic",1999-01-22,21,4,0,2,6,434,10,6,0.62,0.53,0.09,4,312,0.01,0.6,0.4
2017-18 | Regular Season,"Roy, Nicolas",F,N,"Sherbrooke, Phoenix",1999-05-19,58,2,3,2,7,411,18,17,0.51,0.5,0.01,5,302,0.02,0.39,0.28
2017-18 | Regular Season,"Lampron, Vincent",D,N,"Gatineau, Olympiques",1998-12-09,57,3,3,3,9,324,31,46,0.4,0.47,-0.07,6,239,0.03,0.29,0.19
2017-18 | Regular Season,"Rafuse, Cole",F,N,"Acadie-Bathurst, Titan",1999-01-05,66,7,2,3,12,480,25,29,0.46,0.53,-0.07,9,345,0.03,0.48,0.36
2017-18 | Regular Season,"Cheezo, Adam",F,N,"Val-d'Or, Foreurs",1998-11-02,52,7,10,8,25,310,34,62,0.35,0.43,-0.08,17,225,0.08,0.74,0.5
2017-18 | Regular Season,"Racicot, Médérick",D,N,"Val-d'Or, Foreurs",1999-03-10,61,6,6,2,14,310,45,66,0.41,0.43,-0.02,12,225,0.05,0.31,0.27
2017-18 | Regular Season,"Lafrance, Simon",F,N,"Val-d'Or, Foreurs",1998-10-12,68,16,13,5,34,310,45,32,0.58,0.43,0.15,29,225,0.13,0.76,0.64
2017-18 | Regular Season,"Ouellet, Nicolas",F,N,"Val-d'Or, Foreurs",1999-01-09,54,10,8,5,23,310,36,33,0.52,0.43,0.09,18,225,0.08,0.64,0.5
2017-18 | Regular Season,"Comtois, Maxime",F,N,"Victoriaville, Tigres",1999-01-08,54,31,12,14,57,492,76,32,0.7,0.54,0.16,43,352,0.12,0.75,0.57
2017-18 | Regular Season,"Lefebvre, Simon",F,N,"Sherbrooke, Phoenix",1999-02-03,18,0,0,1,1,411,1,6,0.14,0.5,-0.36,0,302,0,1,0
2017-18 | Regular Season,"Lessard, Antoine",F,N,"Victoriaville, Tigres",1999-01-29,1,0,0,0,0,492,0,0,,0.54,,0,352,0,,
2017-18 | Regular Season,"Meunier, Félix",F,N,"Acadie-Bathurst, Titan",1999-05-27,13,2,0,1,3,480,3,8,0.27,0.53,-0.26,2,345,0.01,1,0.67
2017-18 | Regular Season,"Klima, Kelly",F,N,"Chicoutimi, Saguenéens",1997-06-05,58,13,5,7,25,347,31,40,0.44,0.51,-0.07,18,255,0.07,0.81,0.58
2017-18 | Regular Season,"Klima, Kevin",F,N,"Chicoutimi, Saguenéens",1997-06-05,68,19,18,9,46,347,59,40,0.6,0.51,0.09,37,255,0.15,0.78,0.63
2017-18 | Regular Season,"Manseau, Jérémy",F,N,"Shawinigan, Cataractes",1998-06-08,65,9,12,3,24,343,33,41,0.45,0.47,-0.02,21,250,0.08,0.73,0.64
2017-18 | Regular Season,"Bramwell, Connor",F,N,"Blainville-Boisbriand, Armada",1997-09-04,55,11,11,9,31,511,44,40,0.52,0.54,-0.02,22,372,0.06,0.7,0.5
2017-18 | Regular Season,"Abramov, Vitalii",F,N,"Gatineau, Olympiques",1998-05-08,56,31,30,6,67,324,85,29,0.75,0.47,0.28,61,239,0.26,0.79,0.72
2017-18 | Regular Season,"Somppi, Otto",F,N,"Halifax, Mooseheads",1998-01-12,59,13,23,19,55,504,76,48,0.61,0.51,0.1,36,370,0.1,0.72,0.47
2017-18 | Regular Season,"Miromanov, Daniil",D,N,"Moncton, Wildcats",1997-07-11,38,7,4,4,15,390,31,38,0.45,0.48,-0.03,11,281,0.04,0.48,0.35
2017-18 | Regular Season,"Reginato, Cole",F,N,"Saint John, Sea Dogs",1997-11-23,40,12,7,1,20,316,24,35,0.41,0.42,-0.01,19,235,0.08,0.83,0.79
2017-18 | Regular Season,"Grisé, Alexandre",F,N,"Victoriaville, Tigres",1998-10-02,59,7,4,1,12,492,28,26,0.52,0.54,-0.02,11,352,0.03,0.43,0.39
2017-18 | Regular Season,"Meisenheimer, Samuel",F,N,"Charlottetown, Islanders",1998-01-10,56,7,7,4,18,347,28,23,0.55,0.51,0.04,14,255,0.05,0.64,0.5
2017-18 | Regular Season,"Barbosa, Ryan",D,N,"Halifax, Mooseheads",1998-01-05,38,0,3,0,3,504,9,15,0.38,0.51,-0.13,3,370,0.01,0.33,0.33
2017-18 | Regular Season,"Gardiner, Nolan",F,N,"Baie-Comeau, Drakkar",1998-09-09,8,1,0,0,1,389,2,2,0.5,0.48,0.02,1,282,0,0.5,0.5
2017-18 | Regular Season,"Eastman, Austin",F,N,"Québec, Remparts",1997-05-06,18,1,1,1,3,370,7,8,0.47,0.53,-0.06,2,274,0.01,0.43,0.29
2017-18 | Regular Season,"Blachman, Nicholas",F,N,"Rimouski, Océanic",1998-04-11,8,1,0,0,1,434,1,2,0.33,0.53,-0.2,1,312,0,1,1
2017-18 | Regular Season,"Bernard, Xavier",D,Y,"Drummondville, Voltigeurs",2000-01-06,66,9,4,10,23,511,71,41,0.63,0.54,0.09,13,372,0.03,0.32,0.18
2017-18 | Regular Season,"Abraham, Frédéric",F,Y,"Val-d'Or, Foreurs",2000-07-15,31,1,3,0,4,310,7,13,0.35,0.43,-0.08,4,225,0.02,0.57,0.57
2017-18 | Regular Season,"St-Laurent, Edouard",F,Y,"Baie-Comeau, Drakkar",2000-04-04,61,12,8,2,22,389,29,39,0.43,0.48,-0.05,20,282,0.07,0.76,0.69
2017-18 | Regular Season,"Groulx, Benoit-Olivier",F,Y,"Halifax, Mooseheads",2000-02-06,68,18,12,6,36,504,57,52,0.52,0.51,0.01,30,370,0.08,0.63,0.53
2017-18 | Regular Season,"McIsaac, Jared",D,Y,"Halifax, Mooseheads",2000-03-27,65,4,9,8,21,504,72,67,0.52,0.51,0.01,13,370,0.04,0.29,0.18
2017-18 | Regular Season,"Fortier, Gabriel",F,Y,"Baie-Comeau, Drakkar",2000-02-06,66,15,11,8,34,389,46,46,0.5,0.48,0.02,26,282,0.09,0.74,0.57
2017-18 | Regular Season,"Bouchard, Xavier",D,Y,"Baie-Comeau, Drakkar",2000-02-28,65,3,7,4,14,389,49,70,0.41,0.48,-0.07,10,282,0.04,0.29,0.2
2017-18 | Regular Season,"Dobson, Noah",D,Y,"Acadie-Bathurst, Titan",2000-01-07,67,4,16,16,36,480,76,49,0.61,0.53,0.08,20,345,0.06,0.47,0.26
2017-18 | Regular Season,"Laferrière, Mathias",F,Y,"Cape Breton, Screaming Eagles",2000-06-27,67,4,11,6,21,379,34,47,0.42,0.46,-0.04,15,276,0.05,0.62,0.44
2017-18 | Regular Season,"Houde, Samuel",F,Y,"Chicoutimi, Saguenéens",2000-03-08,54,9,6,3,18,347,30,33,0.48,0.51,-0.03,15,255,0.06,0.6,0.5
2017-18 | Regular Season,"Element, Shawn",F,Y,"Baie-Comeau, Drakkar",2000-04-23,62,5,7,2,14,389,20,37,0.35,0.48,-0.13,12,282,0.04,0.7,0.6
2017-18 | Regular Season,"MacDonald, Anderson",F,Y,"Moncton, Wildcats",2000-05-16,58,16,7,5,28,390,40,60,0.4,0.48,-0.08,23,281,0.08,0.7,0.57
2017-18 | Regular Season,"Mathieu, Olivier",F,Y,"Québec, Remparts",2000-02-25,66,5,6,4,15,370,18,26,0.41,0.53,-0.12,11,274,0.04,0.83,0.61
2017-18 | Regular Season,"Coxhead, Andrew",F,Y,"Québec, Remparts",2000-04-11,68,7,6,4,17,370,29,22,0.57,0.53,0.04,13,274,0.05,0.59,0.45
2017-18 | Regular Season,"Desruisseaux, Cédric",F,Y,"Drummondville, Voltigeurs",2000-03-03,64,19,8,11,38,511,48,28,0.63,0.54,0.09,27,372,0.07,0.79,0.56
2017-18 | Regular Season,"Alain, Marc-Olivier",D,Y,"Québec, Remparts",2000-07-06,21,0,0,0,0,370,2,5,0.29,0.53,-0.24,0,274,0,0,0
2017-18 | Regular Season,"MacKinnon, Evan",F,Y,"Sherbrooke, Phoenix",2000-03-02,62,6,2,6,14,411,24,26,0.48,0.5,-0.02,8,302,0.03,0.58,0.33
2017-18 | Regular Season,"Henman, Luke",F,Y,"Blainville-Boisbriand, Armada",2000-04-29,61,5,10,11,26,447,36,21,0.63,0.53,0.1,15,328,0.05,0.72,0.42
2017-18 | Regular Season,"Arsenault, Alexis",D,Y,"Rouyn-Noranda, Huskies",2000-05-17,65,6,4,3,13,366,43,29,0.6,0.51,0.09,10,268,0.04,0.3,0.23
2017-18 | Regular Season,"D'Amours, Anthony",D,Y,"Rimouski, Océanic",2000-03-22,53,1,1,2,4,434,22,17,0.56,0.53,0.03,2,312,0.01,0.18,0.09
2017-18 | Regular Season,"Desgagnés, Mathieu",F,Y,"Chicoutimi, Saguenéens",2000-04-13,42,7,2,2,11,347,21,17,0.55,0.51,0.04,9,255,0.04,0.52,0.43
2017-18 | Regular Season,"Tardif, Benjamin",F,Y,"Sherbrooke, Phoenix",2000-01-24,68,14,8,6,28,411,39,39,0.5,0.5,0,22,302,0.07,0.72,0.56
2017-18 | Regular Season,"Desmarais, Guillaume",F,N,"Drummondville, Voltigeurs",2000-12-11,28,5,1,2,8,511,14,7,0.67,0.54,0.13,6,372,0.02,0.57,0.43
2017-18 | Regular Season,"Marcotty, Félix-Antoine",F,N,"Chicoutimi, Saguenéens",2000-12-17,59,10,7,7,24,347,34,17,0.67,0.51,0.16,17,255,0.07,0.71,0.5
2017-18 | Regular Season,"Lavoie, Raphaël",F,N,"Halifax, Mooseheads",2000-09-25,68,25,13,7,45,504,66,53,0.55,0.51,0.04,38,370,0.1,0.68,0.58
2017-18 | Regular Season,"Larose, Nathan",D,N,"Saint John, Sea Dogs",2000-09-24,64,5,2,5,12,316,44,57,0.44,0.42,0.02,7,235,0.03,0.27,0.16
2017-18 | Regular Season,"McQuaid, Chris",D,Y,"Gatineau, Olympiques",2000-01-01,68,5,4,4,13,366,45,45,0.5,0.51,-0.01,9,268,0.03,0.29,0.2
2017-18 | Regular Season,"Denny, Leon",D,Y,"Shawinigan, Cataractes",2000-01-02,60,1,3,3,7,343,32,59,0.35,0.47,-0.12,4,250,0.02,0.22,0.12
2017-18 | Regular Season,"Denis, Gabriel",F,N,"Shawinigan, Cataractes",2000-11-06,66,10,7,10,27,343,39,55,0.41,0.47,-0.06,17,250,0.07,0.69,0.44
2017-18 | Regular Season,"Doyon, Nathaniel",F,Y,"Charlottetown, Islanders",2000-01-13,50,1,2,3,6,365,11,24,0.31,0.51,-0.2,3,272,0.01,0.55,0.27
2017-18 | Regular Season,"Paré, Félix",F,Y,"Victoriaville, Tigres",2000-03-28,51,0,1,2,3,492,11,18,0.38,0.54,-0.16,1,352,0,0.27,0.09
2017-18 | Regular Season,"Théorêt, Frédérik",F,Y,"Shawinigan, Cataractes",2000-01-08,49,1,0,4,5,343,13,22,0.37,0.47,-0.1,1,250,0,0.38,0.08
2017-18 | Regular Season,"Samson, Mathieu",F,N,"Shawinigan, Cataractes",2000-11-26,36,0,1,3,4,343,7,18,0.28,0.47,-0.19,1,250,0,0.57,0.14
2017-18 | Regular Season,"Ducharme, Justin",F,Y,"Acadie-Bathurst, Titan",2000-02-22,53,11,6,5,22,480,27,24,0.53,0.53,0,17,345,0.05,0.81,0.63
2017-18 | Regular Season,"Bourret, Olivier",F,Y,"Cape Breton, Screaming Eagles",2000-01-18,63,6,6,2,14,379,33,46,0.42,0.46,-0.04,12,276,0.04,0.42,0.36
2017-18 | Regular Season,"Imbeault, Anthony",F,N,"Shawinigan, Cataractes",2000-10-13,26,4,3,0,7,343,12,24,0.33,0.47,-0.14,7,250,0.03,0.58,0.58
2017-18 | Regular Season,"Crête-Belzile, Olivier",D,Y,"Sherbrooke, Phoenix",2000-09-02,67,3,6,1,10,411,46,39,0.54,0.5,0.04,9,302,0.03,0.22,0.2
2017-18 | Regular Season,"Villeneuve, Gabriel",D,Y,"Chicoutimi, Saguenéens",2000-04-12,42,3,2,1,6,347,21,25,0.46,0.51,-0.05,5,255,0.02,0.29,0.24
2017-18 | Regular Season,"McCormick, Adam",D,Y,"Cape Breton, Screaming Eagles",2000-06-25,67,6,4,6,16,379,55,65,0.46,0.46,0,10,276,0.04,0.29,0.18
2017-18 | Regular Season,"Massie, Noah",D,N,"Charlottetown, Islanders",1999-07-07,44,0,3,3,6,365,22,21,0.51,0.51,0,3,272,0.01,0.27,0.14
2017-18 | Regular Season,"Campbell, Isiah",F,N,"Cape Breton, Screaming Eagles",2000-12-07,61,6,10,3,19,379,26,30,0.46,0.46,0,16,276,0.06,0.73,0.62
2017-18 | Regular Season,"Havlena, Kyle",D,Y,"Blainville-Boisbriand, Armada",2000-06-15,44,2,2,0,4,447,15,21,0.42,0.53,-0.11,4,328,0.01,0.27,0.27
2017-18 | Regular Season,"Plamondon, Yohan",F,Y,"Saint John, Sea Dogs",2000-02-02,20,1,2,1,4,310,8,13,0.38,0.43,-0.05,3,225,0.01,0.5,0.38
2017-18 | Regular Season,"Bolduc, Samuel",D,N,"Blainville-Boisbriand, Armada",2000-12-09,57,2,3,8,13,447,38,25,0.6,0.53,0.07,5,328,0.02,0.34,0.13
2017-18 | Regular Season,"Bergeron, Justin",D,Y,"Rouyn-Noranda, Huskies",2000-09-14,67,8,4,6,18,366,39,40,0.49,0.51,-0.02,12,268,0.04,0.46,0.31
2017-18 | Regular Season,"Caron, Thomas",F,Y,"Québec, Remparts",2000-08-29,14,0,1,1,2,370,4,6,0.4,0.53,-0.13,1,274,0,0.5,0.25
2017-18 | Regular Season,"Hudson, Jacob",F,N,"Moncton, Wildcats",2000-12-02,64,5,6,2,13,390,21,35,0.38,0.48,-0.1,11,281,0.04,0.62,0.52
2017-18 | Regular Season,"Roelens, Metis",F,Y,"Gatineau, Olympiques",2000-07-21,59,4,3,7,14,324,25,25,0.5,0.47,0.03,7,239,0.03,0.56,0.28
2017-18 | Regular Season,"Boudrias, Karl",D,Y,"Rimouski, Océanic",2000-04-01,60,2,3,4,9,310,29,61,0.32,0.43,-0.11,5,225,0.02,0.31,0.17
2017-18 | Regular Season,"MacLellan, Ryan",D,Y,"Cape Breton, Screaming Eagles",2000-02-03,31,0,4,0,4,379,14,24,0.37,0.46,-0.09,4,276,0.01,0.29,0.29
2017-18 | Regular Season,"Cyr-Trottier, Nathan",F,Y,"Val-d'Or, Foreurs",2000-01-21,64,0,2,2,4,310,10,23,0.3,0.43,-0.13,2,225,0.01,0.4,0.2
2017-18 | Regular Season,"Hinam, Tyler",F,N,"Rouyn-Noranda, Huskies",1999-05-27,58,8,10,6,24,366,29,32,0.48,0.51,-0.03,18,268,0.07,0.83,0.62
2017-18 | Regular Season,"Dicaire, Derek",F,N,"Baie-Comeau, Drakkar",1999-08-18,24,1,3,3,7,389,9,15,0.38,0.48,-0.1,4,282,0.01,0.78,0.44
2017-18 | Regular Season,"Laframboise, Jérémy",F,Y,"Québec, Remparts",2000-01-04,65,4,4,1,9,370,17,17,0.5,0.53,-0.03,8,274,0.03,0.53,0.47
2017-18 | Regular Season,"Thibeault, Benjamin",D,Y,"Victoriaville, Tigres",2000-03-20,25,0,0,0,0,492,8,10,0.44,0.54,-0.1,0,352,0,0,0
2017-18 | Regular Season,"Baker, Jarrett",D,N,"Drummondville, Voltigeurs",2000-09-19,60,3,12,4,19,511,54,36,0.6,0.54,0.06,15,372,0.04,0.35,0.28
2017-18 | Regular Season,"Fortin, Philippe",D,Y,"Val-d'Or, Foreurs",2000-01-13,24,1,1,0,2,310,3,8,0.27,0.43,-0.16,2,225,0.01,0.67,0.67
2017-18 | Regular Season,"Couture, Alexandre",F,Y,"Val-d'Or, Foreurs",2000-04-22,67,2,4,10,16,310,24,53,0.31,0.43,-0.12,6,225,0.03,0.67,0.25
2017-18 | Regular Season,"Ianniciello, Samuel",F,Y,"Rouyn-Noranda, Huskies",2000-08-02,45,1,0,1,2,366,8,11,0.42,0.51,-0.09,1,268,0,0.25,0.12
2017-18 | Regular Season,"Collin, Maxime",F,Y,"Blainville-Boisbriand, Armada",2000-01-25,55,7,1,3,11,447,14,18,0.44,0.53,-0.09,8,328,0.02,0.79,0.57
2017-18 | Regular Season,"McGrath, Kyle",F,N,"Cape Breton, Screaming Eagles",1999-04-16,33,3,2,0,5,379,7,17,0.29,0.46,-0.17,5,276,0.02,0.71,0.71
2017-18 | Regular Season,"Casey, Thomas",F,Y,"Charlottetown, Islanders",2000-04-10,60,8,3,1,12,365,21,24,0.47,0.51,-0.04,11,272,0.04,0.57,0.52
2017-18 | Regular Season,"Ouellet, Edouard",F,Y,"Victoriaville, Tigres",2000-01-14,54,5,4,4,13,492,19,16,0.54,0.54,0,9,352,0.03,0.68,0.47
2017-18 | Regular Season,"Dignard, Carl-Olivier",F,N,"Drummondville, Voltigeurs",2000-10-05,28,2,2,0,4,511,6,3,0.67,0.54,0.13,4,372,0.01,0.67,0.67
2017-18 | Regular Season,"Plamondon, Alex",F,Y,"Shawinigan, Cataractes",1999-10-14,58,10,3,4,17,343,22,30,0.42,0.47,-0.05,13,250,0.05,0.77,0.59
2017-18 | Regular Season,"Mason, Kevin",F,Y,"Saint John, Sea Dogs",2000-01-12,25,2,2,1,5,316,10,13,0.43,0.42,0.01,4,235,0.02,0.5,0.4
2017-18 | Regular Season,"Savinsky, Hugo",D,Y,"Baie-Comeau, Drakkar",2000-01-18,44,1,1,5,7,389,25,21,0.54,0.48,0.06,2,282,0.01,0.28,0.08
2017-18 | Regular Season,"Demers, Antoine",F,N,"Shawinigan, Cataractes",1999-04-14,67,11,9,7,27,343,38,61,0.38,0.47,-0.09,20,250,0.08,0.71,0.53
2017-18 | Regular Season,"Proulx, Gabriel",F,N,"Cape Breton, Screaming Eagles",1999-03-24,57,4,4,13,21,379,28,32,0.47,0.46,0.01,8,276,0.03,0.75,0.29
2017-18 | Regular Season,"Ouellet, Zachary",D,Y,"Rouyn-Noranda, Huskies",1999-10-26,31,1,1,0,2,366,9,10,0.47,0.51,-0.04,2,268,0.01,0.22,0.22
2017-18 | Regular Season,"Tourigny, Félix-Antoine",F,Y,"Rouyn-Noranda, Huskies",2000-02-02,7,0,0,0,0,366,1,1,0.5,0.51,-0.01,0,268,0,0,0
2017-18 | Regular Season,"Dubois-Tiberghen, Simon",D,Y,"Shawinigan, Cataractes",2000-03-16,51,3,6,1,10,343,32,28,0.53,0.47,0.06,9,250,0.04,0.31,0.28
2017-18 | Regular Season,"Drolet, Félix-Antoine",D,Y,"Acadie-Bathurst, Titan",2000-05-20,58,1,2,4,7,480,25,26,0.49,0.53,-0.04,3,345,0.01,0.28,0.12
2017-18 | Regular Season,"Lapointe, Yann-Félix",D,N,"Sherbrooke, Phoenix",1999-06-30,56,4,6,2,12,411,40,45,0.47,0.5,-0.03,10,302,0.03,0.3,0.25
2017-18 | Regular Season,"MacPhee, Ian",F,N,"Rouyn-Noranda, Huskies",1999-03-28,18,0,0,0,0,366,2,3,0.4,0.51,-0.11,0,268,0,0,0
2017-18 | Regular Season,"Giguère, Charles-Antoine",F,N,"Blainville-Boisbriand, Armada",1999-05-03,53,5,2,3,10,447,19,26,0.42,0.53,-0.11,7,328,0.02,0.53,0.37
2017-18 | Regular Season,"Haché, Olivier-Luc",F,N,"Rouyn-Noranda, Huskies",2000-10-04,21,0,1,1,2,366,5,2,0.71,0.51,0.2,1,268,0,0.4,0.2
2017-18 | Regular Season,"Marleau, Vincent",F,N,"Rouyn-Noranda, Huskies",1999-07-05,67,5,6,5,16,366,26,34,0.43,0.51,-0.08,11,268,0.04,0.62,0.42
2017-18 | Regular Season,"Dadadzhanov, Renat",D,N,"Shawinigan, Cataractes",1999-06-13,55,0,5,2,7,343,35,56,0.38,0.47,-0.09,5,250,0.02,0.2,0.14
2017-18 | Regular Season,"Malatesta, Domenic",F,N,"Acadie-Bathurst, Titan",1999-07-09,45,1,4,6,11,480,17,15,0.53,0.53,0,5,345,0.01,0.65,0.29
2017-18 | Regular Season,"Fox, Casey",F,N,"Moncton, Wildcats",1998-10-14,27,2,0,0,2,390,3,8,0.27,0.48,-0.21,2,281,0.01,0.67,0.67
2017-18 | Regular Season,"Gaudreau, Adam",D,Y,"Victoriaville, Tigres",1999-12-28,24,0,1,1,2,492,10,2,0.83,0.54,0.29,1,352,0,0.2,0.1
2017-18 | Regular Season,"Hudgin, Nathan",F,N,"Drummondville, Voltigeurs",1997-11-29,57,14,11,6,31,511,42,47,0.47,0.54,-0.07,25,372,0.07,0.74,0.6
2017-18 | Regular Season,"Chekhovich, Ivan",F,N,"Baie-Comeau, Drakkar",1999-01-04,65,17,14,6,37,389,49,44,0.53,0.48,0.05,31,282,0.11,0.76,0.63
2017-18 | Regular Season,"Koltygin, Pavel",F,N,"Drummondville, Voltigeurs",1999-02-17,64,16,11,8,35,511,52,26,0.67,0.54,0.13,27,372,0.07,0.67,0.52
2017-18 | Regular Season,"Alexeyev, Yaroslav",F,N,"Sherbrooke, Phoenix",1999-01-17,63,13,12,13,38,411,54,37,0.59,0.5,0.09,25,302,0.08,0.7,0.46
2017-18 | Regular Season,"Kurashev, Philipp",F,Y,"Québec, Remparts",1999-10-12,59,10,13,8,31,370,42,37,0.53,0.53,0,23,274,0.08,0.74,0.55
2017-18 | Regular Season,"Kosorenkov, Ivan",F,N,"Victoriaville, Tigres",1998-01-22,63,24,16,14,54,492,66,29,0.69,0.54,0.15,40,352,0.11,0.82,0.61
2017-18 | Regular Season,"Rubtsov, German",F,N,"Acadie-Bathurst, Titan",1998-06-27,49,11,8,7,26,347,41,29,0.59,0.51,0.08,19,255,0.07,0.63,0.46
2017-18 | Regular Season,"Vesterinen, Saku",D,N,"Charlottetown, Islanders",1999-02-28,59,4,6,8,18,365,46,46,0.5,0.51,-0.01,10,272,0.04,0.39,0.22
2017-18 | Regular Season,"Mikhnin, Denis",F,N,"Rimouski, Océanic",1999-07-11,64,12,9,10,31,434,45,29,0.61,0.53,0.08,21,312,0.07,0.69,0.47
2017-18 | Regular Season,"Glotov, Vasily",F,N,"Shawinigan, Cataractes",1997-09-04,64,22,2,5,29,343,36,44,0.45,0.47,-0.02,24,250,0.1,0.81,0.67
2017-18 | Regular Season,"Le Coultre, Simon",D,N,"Moncton, Wildcats",1999-08-09,61,2,5,2,9,390,34,61,0.36,0.48,-0.12,7,281,0.02,0.26,0.21
2017-18 | Regular Season,"Kozlov, Ivan",F,N,"Val-d'Or, Foreurs",1999-03-26,66,13,5,6,24,310,37,53,0.41,0.43,-0.02,18,225,0.08,0.65,0.49
2017-18 | Regular Season,"Drozg, Jan",F,N,"Shawinigan, Cataractes",1999-04-01,61,11,12,7,30,343,37,47,0.44,0.47,-0.03,23,250,0.09,0.81,0.62
2017-18 | Regular Season,"Zachar, Marek",F,N,"Sherbrooke, Phoenix",1998-06-11,57,15,4,3,22,411,36,43,0.46,0.5,-0.04,19,302,0.06,0.61,0.53
2017-18 | Regular Season,"Gawanke, Leon",D,N,"Cape Breton, Screaming Eagles",1999-05-31,62,0,7,4,11,379,39,60,0.39,0.46,-0.07,7,276,0.03,0.28,0.18
2017-18 | Regular Season,"Mizyurin, Maxim",F,N,"Val-d'Or, Foreurs",1998-03-25,36,11,5,3,19,310,24,31,0.44,0.43,0.01,16,225,0.07,0.79,0.67
2017-18 | Regular Season,"Smith, Tyler",D,N,"Saint John, Sea Dogs",1999-08-26,55,0,3,1,4,316,14,40,0.26,0.42,-0.16,3,235,0.01,0.29,0.21
2017-18 | Regular Season,"Robert, Félix",F,N,"Sherbrooke, Phoenix",1999-07-24,66,10,14,8,32,411,47,32,0.59,0.5,0.09,24,302,0.08,0.68,0.51
2017-18 | Regular Season,"Kielb, Darien",D,N,"Gatineau, Olympiques",1999-03-18,64,5,4,6,15,324,40,43,0.48,0.47,0.01,9,239,0.04,0.38,0.22
2017-18 | Regular Season,"Senken, Connor",D,Y,"Sherbrooke, Phoenix",1999-10-31,51,1,2,1,4,411,34,41,0.45,0.5,-0.05,3,302,0.01,0.12,0.09
2017-18 | Regular Season,"Michel, Bryson",D,Y,"Saint John, Sea Dogs",1999-09-27,0,0,0,0,0,316,0,0,,0.42,,0,235,0,,
2017-18 | Regular Season,"Roy, Charles-Antoine",F,N,"Gatineau, Olympiques",1999-02-18,66,10,6,4,20,324,30,24,0.56,0.47,0.09,16,239,0.07,0.67,0.53
2017-18 | Regular Season,"Malo, Alec",F,N,"Gatineau, Olympiques",1999-07-30,60,5,0,2,7,324,12,21,0.36,0.47,-0.11,5,239,0.02,0.58,0.42
2017-18 | Regular Season,"Monette, Simon",D,N,"Chicoutimi, Saguenéens",1999-08-12,52,0,2,1,3,347,16,37,0.3,0.51,-0.21,2,255,0.01,0.19,0.12
2017-18 | Regular Season,"Denis, Louis-Philippe",F,N,"Rimouski, Océanic",1998-12-29,50,1,5,0,6,434,9,13,0.41,0.53,-0.12,6,312,0.02,0.67,0.67
2017-18 | Regular Season,"O'Bonsawin, Ryan",D,N,"Gatineau, Olympiques",1999-03-13,0,0,0,0,0,324,0,0,,0.47,,0,239,0,,
2017-18 | Regular Season,"Arsenault, Jacob",D,N,"Moncton, Wildcats",1999-04-13,60,1,0,3,4,390,22,38,0.37,0.48,-0.11,1,281,0,0.18,0.05
2017-18 | Regular Season,"DaSilva, Ryan",D,N,"Blainville-Boisbriand, Armada",1998-03-26,54,3,5,4,12,447,28,32,0.47,0.53,-0.06,8,328,0.02,0.43,0.29
2017-18 | Regular Season,"Cavalleri, Marco",F,N,"Victoriaville, Tigres",1999-09-05,37,2,3,0,5,492,7,14,0.33,0.54,-0.21,5,352,0.01,0.71,0.71
2017-18 | Regular Season,"Hatto, Samuel",F,Y,"Gatineau, Olympiques",1999-10-23,66,7,1,4,12,324,22,18,0.55,0.47,0.08,8,239,0.03,0.55,0.36
2017-18 | Regular Season,"Hardie, Daniel",F,N,"Charlottetown, Islanders",1998-06-11,68,19,9,5,33,365,45,50,0.47,0.51,-0.04,28,272,0.1,0.73,0.62
2017-18 | Regular Season,"Drew, Hunter",D,N,"Charlottetown, Islanders",1998-10-21,64,5,8,12,25,365,62,51,0.55,0.51,0.04,13,272,0.05,0.4,0.21
2017-18 | Regular Season,"Stewart, Chase",D,N,"Rimouski, Océanic",1997-04-19,53,2,6,8,16,434,56,38,0.6,0.53,0.07,8,312,0.03,0.29,0.14
2017-18 | Regular Season,"MacLeod, Gregor",F,N,"Charlottetown, Islanders",1998-06-07,54,16,12,6,34,365,45,26,0.63,0.51,0.12,28,272,0.1,0.76,0.62
2017-18 | Regular Season,"Quinney, Landon",F,N,"Saint John, Sea Dogs",1998-04-27,27,1,1,1,3,316,5,15,0.25,0.42,-0.17,2,235,0.01,0.6,0.4
2017-18 | Regular Season,"Dickner, Samuel",F,Y,"Baie-Comeau, Drakkar",1999-12-10,54,3,2,0,5,389,12,18,0.4,0.48,-0.08,5,282,0.02,0.42,0.42
2017-18 | Regular Season,"Lynch, Robert",F,N,"Drummondville, Voltigeurs",1998-06-16,67,19,16,7,42,511,58,42,0.58,0.54,0.04,35,372,0.09,0.72,0.6
2017-18 | Regular Season,"Blackmore, G",F,N,"Moncton, Wildcats",1999-09-13,56,2,4,4,10,390,22,41,0.35,0.48,-0.13,6,281,0.02,0.45,0.27
2017-18 | Regular Season,"Lazure, Justin",F,N,"Cape Breton, Screaming Eagles",1999-02-05,46,2,1,0,3,390,5,23,0.18,0.48,-0.3,3,281,0.01,0.6,0.6
2017-18 | Regular Season,"Lafrenière, Alexis",F,N,"Rimouski, Océanic",2001-10-11,60,33,18,3,54,434,71,32,0.69,0.53,0.16,51,312,0.16,0.76,0.72
2017-18 | Regular Season,"Poulin, Samuel",F,N,"Sherbrooke, Phoenix",2001-02-25,55,10,15,7,32,411,43,29,0.6,0.5,0.1,25,302,0.08,0.74,0.58
2017-18 | Regular Season,"Pelletier, Jakob",F,N,"Moncton, Wildcats",2001-03-07,60,19,12,11,42,390,60,50,0.55,0.48,0.07,31,281,0.11,0.7,0.52
2017-18 | Regular Season,"Parent, Xavier",F,N,"Halifax, Mooseheads",2001-03-23,63,11,7,5,23,504,36,38,0.49,0.51,-0.02,18,370,0.05,0.64,0.5
2017-18 | Regular Season,"Guenette, Maxence",D,N,"Val-d'Or, Foreurs",2001-04-28,61,1,4,2,7,310,32,63,0.34,0.43,-0.09,5,225,0.02,0.22,0.16
2017-18 | Regular Season,"Légaré, Nathan",F,N,"Baie-Comeau, Drakkar",2001-01-11,62,7,6,10,23,389,33,31,0.52,0.48,0.04,13,282,0.05,0.7,0.39
2017-18 | Regular Season,"Merisier-Ortiz, Christopher",D,N,"Baie-Comeau, Drakkar",2001-01-17,62,2,2,3,7,389,47,47,0.5,0.48,0.02,4,282,0.01,0.15,0.09
2017-18 | Regular Season,"Mercer, Dawson",F,N,"Drummondville, Voltigeurs",2001-10-27,61,9,6,5,20,511,37,28,0.57,0.54,0.03,15,372,0.04,0.54,0.41
2017-18 | Regular Season,"Simoneau, Xavier",F,N,"Drummondville, Voltigeurs",2001-05-19,61,13,7,13,33,511,44,26,0.63,0.54,0.09,20,372,0.05,0.75,0.45
2017-18 | Regular Season,"Inniss, Christopher",D,N,"Rimouski, Océanic",2001-01-22,52,1,1,3,5,434,21,12,0.64,0.53,0.11,2,312,0.01,0.24,0.1
2017-18 | Regular Season,"Peach, Bailey",F,N,"Sherbrooke, Phoenix",2001-03-08,49,3,1,1,5,411,10,18,0.36,0.5,-0.14,4,302,0.01,0.5,0.4
2017-18 | Regular Season,"Bizier, Mathieu",F,N,"Rimouski, Océanic",2001-05-13,64,9,8,4,21,434,31,20,0.61,0.53,0.08,17,312,0.05,0.68,0.55
2017-18 | Regular Season,"Barron, Justin",D,N,"Halifax, Mooseheads",2001-11-15,51,2,9,6,17,504,48,34,0.59,0.51,0.08,11,370,0.03,0.35,0.23
2017-18 | Regular Season,"Laaouan, Noah",D,N,"Cape Breton, Screaming Eagles",2001-03-07,49,2,3,6,11,379,37,38,0.49,0.46,0.03,5,276,0.02,0.3,0.14
2017-18 | Regular Season,"Kalmikov, Brooklyn",F,N,"Cape Breton, Screaming Eagles",2001-04-21,58,11,5,2,18,379,34,38,0.47,0.46,0.01,16,276,0.06,0.53,0.47
2017-18 | Regular Season,"Bellamy, Jaxon",D,N,"Moncton, Wildcats",2001-01-22,52,3,1,4,8,390,25,35,0.42,0.48,-0.06,4,281,0.01,0.32,0.16
2017-18 | Regular Season,"Michel, Jérémy",F,N,"Val-d'Or, Foreurs",2001-05-02,65,5,8,5,18,310,23,45,0.34,0.43,-0.09,13,225,0.06,0.78,0.57
2017-18 | Regular Season,"Dubé, Pierrick",F,N,"Québec, Remparts",2001-01-07,39,3,0,0,3,370,7,10,0.41,0.53,-0.12,3,274,0.01,0.43,0.43
2017-18 | Regular Season,"Pelletier, Thomas",D,N,"Drummondville, Voltigeurs",2001-08-23,42,1,4,2,7,511,27,13,0.68,0.54,0.14,5,372,0.01,0.26,0.19
2017-18 | Regular Season,"Francis, Ryan",F,N,"Cape Breton, Screaming Eagles",2001-12-02,58,6,5,9,20,379,29,45,0.39,0.46,-0.07,11,276,0.04,0.69,0.38
2017-18 | Regular Season,"Beaucage, Alex",F,N,"Rouyn-Noranda, Huskies",2001-07-25,56,9,6,12,27,366,35,15,0.7,0.51,0.19,15,268,0.06,0.77,0.43
2017-18 | Regular Season,"Budgell, Brett",F,N,"Charlottetown, Islanders",2001-06-01,32,8,6,3,17,365,24,17,0.59,0.51,0.08,14,272,0.05,0.71,0.58
2017-18 | Regular Season,"Gallant, Carson",D,N,"Gatineau, Olympiques",2001-01-11,24,0,0,1,1,324,3,5,0.38,0.47,-0.09,0,239,0,0.33,0
2017-18 | Regular Season,"Martin, Jérémy",F,N,"Shawinigan, Cataractes",2001-02-15,34,4,0,3,7,343,8,25,0.24,0.47,-0.23,4,250,0.02,0.88,0.5
2017-18 | Regular Season,"Desroches, Olivier",D,N,"Acadie-Bathurst, Titan",2001-03-27,55,0,4,6,10,343,25,35,0.42,0.47,-0.05,4,250,0.02,0.4,0.16
2017-18 | Regular Season,"Chisholm, Logan",F,N,"Acadie-Bathurst, Titan",2001-08-08,51,4,1,3,8,480,14,10,0.58,0.53,0.05,5,345,0.01,0.57,0.36
2017-18 | Regular Season,"Allepot, Anthony",D,N,"Val-d'Or, Foreurs",2001-04-27,58,0,1,3,4,310,16,42,0.28,0.43,-0.15,1,225,0,0.25,0.06
2017-18 | Regular Season,"Bernard, Jacob",D,N,"Rimouski, Océanic",2001-02-20,17,0,2,0,2,434,10,9,0.53,0.53,0,2,312,0.01,0.2,0.2
2017-18 | Regular Season,"Belley-Pelletier, Gabriel",D,N,"Shawinigan, Cataractes",2001-05-30,1,0,0,0,0,343,0,0,,0.47,,0,250,0,,
2017-18 | Regular Season,"Stewart, Cole",F,N,"Halifax, Mooseheads",2001-08-01,6,0,0,0,0,504,2,1,0.67,0.51,0.16,0,370,0,0,0
2017-18 | Regular Season,"Cormier, Xavier",F,N,"Québec, Remparts",2001-05-30,1,0,0,0,0,370,0,0,,0.53,,0,274,0,,
2017-18 | Regular Season,"Horvath, Jason",D,Y,"Shawinigan, Cataractes",2000-03-24,48,0,7,2,9,343,25,35,0.42,0.47,-0.05,7,250,0.03,0.36,0.28
2017-18 | Regular Season,"Montreuil, Gabriel",F,N,"Québec, Remparts",2001-03-09,2,0,0,0,0,370,0,0,,0.53,,0,274,0,,
2017-18 | Regular Season,"Sibley, Brendan",D,N,"Saint John, Sea Dogs",2001-04-26,30,1,1,2,4,316,14,24,0.37,0.42,-0.05,2,235,0.01,0.29,0.14
2017-18 | Regular Season,"Joncas, Alexandre",D,N,"Sherbrooke, Phoenix",2001-03-22,68,1,5,9,15,411,48,45,0.52,0.5,0.02,6,302,0.02,0.31,0.12
2017-18 | Regular Season,"Soucy, Ludovic",F,N,"Rimouski, Océanic",2001-03-23,40,4,2,2,8,434,10,11,0.48,0.53,-0.05,6,312,0.02,0.8,0.6
2017-18 | Regular Season,"MacIntosh, Aiden",F,N,"Saint John, Sea Dogs",2001-04-05,29,4,2,2,8,316,11,13,0.46,0.42,0.04,6,235,0.03,0.73,0.55
2017-18 | Regular Season,"Melançon, Max-Antoine",F,N,"Shawinigan, Cataractes",2001-03-19,22,3,0,2,5,343,10,12,0.45,0.47,-0.02,3,250,0.01,0.5,0.3
2017-18 | Regular Season,"Boulianne, Mathieu",F,N,"Shawinigan, Cataractes",2001-03-26,24,0,4,1,5,343,9,12,0.43,0.47,-0.04,4,250,0.02,0.56,0.44
2017-18 | Regular Season,"Boissonneault, Mathieu",F,Y,"Blainville-Boisbriand, Armada",2000-04-16,56,3,6,0,9,447,18,17,0.51,0.53,-0.02,9,328,0.03,0.5,0.5
2017-18 | Regular Season,"Petten, Kyle",F,N,"Halifax, Mooseheads",2001-01-10,44,2,2,2,6,504,9,6,0.6,0.51,0.09,4,370,0.01,0.67,0.44
2017-18 | Regular Season,"Hébert, Jérémie",D,N,"Baie-Comeau, Drakkar",2001-11-19,30,0,0,2,2,389,8,12,0.4,0.48,-0.08,0,282,0,0.25,0
2017-18 | Regular Season,"Nault-Daigle, Ludovick",F,N,"Shawinigan, Cataractes",2001-10-03,0,0,0,0,0,343,0,0,,0.47,,0,250,0,,
2017-18 | Regular Season,"Fraser, Cole",F,N,"Blainville-Boisbriand, Armada",2001-01-24,2,0,0,0,0,447,1,1,0.5,0.53,-0.03,0,328,0,0,0
2017-18 | Regular Season,"Tremblay, Charles",F,N,"Chicoutimi, Saguenéens",2000-10-17,24,0,2,1,3,347,4,8,0.33,0.51,-0.18,2,255,0.01,0.75,0.5
2017-18 | Regular Season,"Virtue, Braeden",D,N,"Québec, Remparts",2001-01-22,27,0,0,3,3,370,10,15,0.4,0.53,-0.13,0,274,0,0.3,0
2017-18 | Regular Season,"Wilson, Luke",F,N,"Saint John, Sea Dogs",2001-03-01,38,5,2,1,8,316,20,26,0.43,0.42,0.01,7,235,0.03,0.4,0.35
2017-18 | Regular Season,"DeGagné, Alex",D,Y,"Shawinigan, Cataractes",2000-02-15,50,0,2,2,4,343,25,32,0.44,0.47,-0.03,2,250,0.01,0.16,0.08
2017-18 | Regular Season,"Hart, Gavin",F,N,"Halifax, Mooseheads",2001-05-10,2,0,0,0,0,504,0,0,,0.51,,0,370,0,,
2017-18 | Regular Season,"Bennett, Zachery",D,Y,"Acadie-Bathurst, Titan",2000-07-02,9,0,1,0,1,511,4,6,0.4,0.54,-0.14,1,372,0,0.25,0.25
2017-18 | Regular Season,"Dion, Benjamin",F,N,"Val-d'Or, Foreurs",2001-04-04,59,2,2,2,6,310,10,32,0.24,0.43,-0.19,4,225,0.02,0.6,0.4
2017-18 | Regular Season,"Lavoie, Jean-Mathieu",D,N,"Sherbrooke, Phoenix",1998-09-10,5,0,0,0,0,411,1,1,0.5,0.5,0,0,302,0,0,0
2017-18 | Regular Season,"Lafond, Jérôme",D,Y,"Shawinigan, Cataractes",2000-08-20,0,0,0,0,0,343,0,0,,0.47,,0,250,0,,
2017-18 | Regular Season,"Beaudoin, Tommy",F,N,"Rouyn-Noranda, Huskies",1999-03-15,66,10,5,3,18,366,40,20,0.67,0.51,0.16,15,268,0.06,0.45,0.38
2017-18 | Regular Season,"Maurovic, Dallas",F,N,"Chicoutimi, Saguenéens",1999-04-30,4,0,0,0,0,347,0,0,,0.51,,0,255,0,,
2017-18 | Regular Season,"Gladu, Zachary",F,N,"Val-d'Or, Foreurs",1998-01-20,17,1,1,0,2,310,2,4,0.33,0.43,-0.1,2,225,0.01,1,1
2017-18 | Regular Season,"Kurbatov, Egor",F,N,"Victoriaville, Tigres",1999-05-17,18,1,0,0,1,492,4,7,0.36,0.54,-0.18,1,352,0,0.25,0.25
2017-18 | Regular Season,"Wieringa, Jack",D,N,"Moncton, Wildcats",1998-03-27,16,0,0,1,1,390,7,11,0.39,0.48,-0.09,0,281,0,0.14,0
2017-18 | Regular Season,"Kuzmin, Daniil",F,N,"Moncton, Wildcats",1999-05-20,48,2,4,2,8,390,18,26,0.41,0.48,-0.07,6,281,0.02,0.44,0.33
2017-18 | Regular Season,"Dunn, Sam",D,N,"Québec, Remparts",1998-03-11,66,4,7,2,13,370,56,54,0.51,0.53,-0.02,11,274,0.04,0.23,0.2
2017-18 | Regular Season,"Khovanov, Alexander",F,Y,"Moncton, Wildcats",2000-04-12,29,6,5,6,17,390,29,25,0.54,0.48,0.06,11,281,0.04,0.59,0.38
2017-18 | Regular Season,"Zavgorodniy, Dmitry",F,Y,"Rimouski, Océanic",2000-08-11,62,14,9,5,28,434,46,30,0.61,0.53,0.08,23,312,0.07,0.61,0.5
2017-18 | Regular Season,"Zadina, Filip",F,Y,"Halifax, Mooseheads",1999-11-27,57,33,15,10,58,504,76,54,0.58,0.51,0.07,48,370,0.13,0.76,0.63
2017-18 | Regular Season,"Eckl, Bastian",F,Y,"Drummondville, Voltigeurs",2000-08-27,46,2,7,7,16,511,22,12,0.65,0.54,0.11,9,372,0.02,0.73,0.41
2017-18 | Regular Season,"Dajcar, Tomas",D,Y,"Québec, Remparts",2000-02-02,42,2,1,1,4,370,19,22,0.46,0.53,-0.07,3,274,0.01,0.21,0.16
2017-18 | Regular Season,"Shestopalov, Mikhail",F,Y,"Gatineau, Olympiques",2000-01-25,59,4,12,4,20,324,29,20,0.59,0.47,0.12,16,239,0.07,0.69,0.55
2017-18 | Regular Season,"Kotkov, Vladislav",F,Y,"Chicoutimi, Saguenéens",2000-01-08,61,14,9,4,27,347,39,35,0.53,0.51,0.02,23,255,0.09,0.69,0.59
2017-18 | Regular Season,"Sokolov, Egor",F,Y,"Cape Breton, Screaming Eagles",2000-06-07,64,11,8,8,27,379,37,57,0.39,0.46,-0.07,19,276,0.07,0.73,0.51
2017-18 | Regular Season,"Ivan, Michal",D,Y,"Acadie-Bathurst, Titan",1999-11-18,48,3,5,5,13,480,42,28,0.6,0.53,0.07,8,345,0.02,0.31,0.19
2017-18 | Regular Season,"Hladonik, Jan",F,N,"Blainville-Boisbriand, Armada",1999-08-18,56,4,6,4,14,447,31,21,0.6,0.53,0.07,10,328,0.03,0.45,0.32
2017-18 | Regular Season,"Hrehorcak, Patrik",F,N,"Rouyn-Noranda, Huskies",1999-03-18,63,12,8,6,26,366,35,25,0.58,0.51,0.07,20,268,0.07,0.74,0.57
2017-18 | Regular Season,"Alexandrov, Nikita",F,N,"Charlottetown, Islanders",2000-09-16,66,11,13,3,27,365,45,35,0.56,0.51,0.05,24,272,0.09,0.6,0.53
2017-18 | Regular Season,"Safin, Ostap",F,N,"Saint John, Sea Dogs",1999-02-11,61,16,10,9,35,316,42,62,0.4,0.42,-0.02,26,235,0.11,0.83,0.62
2017-18 | Regular Season,"Roganov, Danil",D,Y,"Shawinigan, Cataractes",2000-06-28,0,0,0,0,0,343,0,0,,0.47,,0,250,0,,
2017-18 | Regular Season,"Anttalainen, Aleksi",D,N,"Blainville-Boisbriand, Armada",1999-03-28,61,2,6,6,14,447,48,46,0.51,0.53,-0.02,8,328,0.02,0.29,0.17
2017-18 | Regular Season,"Salda, Radim",D,N,"Saint John, Sea Dogs",1999-02-18,62,5,8,6,19,316,47,78,0.38,0.42,-0.04,13,235,0.06,0.4,0.28
2017-18 | Regular Season,"McKenna, Colton",F,N,"Moncton, Wildcats",1999-08-17,17,0,2,0,2,390,3,12,0.2,0.48,-0.28,2,281,0.01,0.67,0.67
2017-18 | Regular Season,"Kyte, Patrick",D,N,"Halifax, Mooseheads",1999-03-29,56,5,3,4,12,504,35,31,0.53,0.51,0.02,8,370,0.02,0.34,0.23
2017-18 | Regular Season,"Jarry, Loïc",D,Y,"Val-d'Or, Foreurs",2000-07-08,41,1,0,1,2,310,6,16,0.27,0.43,-0.16,1,225,0,0.33,0.17
2017-18 | Regular Season,"Figueira, Damian",D,N,"Drummondville, Voltigeurs",1998-11-24,6,0,0,0,0,511,3,4,0.43,0.54,-0.11,0,372,0,0,0
2017-18 | Regular Season,"Skubel, Brandon",F,Y,"Drummondville, Voltigeurs",1999-10-02,60,11,5,9,25,511,40,26,0.61,0.54,0.07,16,372,0.04,0.62,0.4
2017-18 | Regular Season,"Pataki, Brady",F,N,"Moncton, Wildcats",1998-10-03,47,5,3,0,8,390,14,32,0.3,0.48,-0.18,8,281,0.03,0.57,0.57
2017-18 | Regular Season,"Ouellet, Nathan",F,Y,"Rimouski, Océanic",2000-05-25,41,1,0,3,4,434,8,9,0.47,0.53,-0.06,1,312,0,0.5,0.12
2017-18 | Regular Season,"Vaysberg, David",F,N,"Shawinigan, Cataractes",2000-12-15,8,0,1,0,1,343,2,3,0.4,0.47,-0.07,1,250,0,0.5,0.5
2017-18 | Regular Season,"Clavelle, Brendon",D,N,"Charlottetown, Islanders",1999-09-10,56,0,3,2,5,365,33,35,0.49,0.51,-0.02,3,272,0.01,0.15,0.09
2017-18 | Regular Season,"MacRae, Riley",F,N,"Moncton, Wildcats",1998-03-28,22,0,0,1,1,390,5,11,0.31,0.48,-0.17,0,281,0,0.2,0
2017-18 | Regular Season,"Tucker, Jack",D,Y,"Moncton, Wildcats",2000-05-26,53,1,1,2,4,390,22,30,0.42,0.48,-0.06,2,281,0.01,0.18,0.09
2017-18 | Regular Season,"Kreutzer, Gregory",D,Y,"Drummondville, Voltigeurs",2000-05-24,53,1,6,2,9,511,36,25,0.59,0.54,0.05,7,372,0.02,0.25,0.19
2017-18 | Regular Season,"Bowman, Parker",F,N,"Rimouski, Océanic",1999-07-09,58,2,3,3,8,434,15,18,0.45,0.53,-0.08,5,312,0.02,0.53,0.33
2017-18 | Regular Season,"Paré, Mathieu",D,N,"Shawinigan, Cataractes",2000-10-03,0,0,0,0,0,343,0,0,,0.47,,0,250,0,,
2017-18 | Regular Season,"Hungerbuhler, Tyler",D,Y,"Saint John, Sea Dogs",2000-03-02,24,0,1,0,1,316,6,16,0.27,0.42,-0.15,1,235,0,0.17,0.17
2017-18 | Regular Season,"Gursoy, Kevin",F,N,"Saint John, Sea Dogs",1999-08-04,60,7,3,2,12,316,30,47,0.39,0.42,-0.03,10,235,0.04,0.4,0.33
2017-18 | Regular Season,"Duchesne, Samuel",D,N,"Chicoutimi, Saguenéens",1999-05-29,37,0,1,0,1,347,8,20,0.29,0.51,-0.22,1,255,0,0.12,0.12
2017-18 | Regular Season,"Ton, Cayse",F,N,"Charlottetown, Islanders",1999-07-28,60,5,1,1,7,365,14,22,0.39,0.51,-0.12,6,272,0.02,0.5,0.43
2017-18 | Regular Season,"Allison, Jaimen",D,Y,"Charlottetown, Islanders",1999-11-01,0,0,0,0,0,365,0,0,,0.51,,0,272,0,,
2017-18 | Regular Season,"Egan, Taylor",D,N,"Charlottetown, Islanders",1998-06-09,50,3,2,2,7,365,25,28,0.47,0.51,-0.04,5,272,0.02,0.28,0.2
2017-18 | Regular Season,"Dunda, Liam",F,N,"Moncton, Wildcats",1997-09-15,33,1,4,3,8,390,14,21,0.4,0.48,-0.08,5,281,0.02,0.57,0.36
2017-18 | Regular Season,"Berube, Marcel",F,Y,"Charlottetown, Islanders",1999-12-14,31,1,3,1,5,365,10,12,0.45,0.51,-0.06,4,272,0.01,0.5,0.4
2017-18 | Regular Season,"West, Kyle",F,N,"Charlottetown, Islanders",1998-03-28,5,0,0,0,0,365,0,1,0,0.51,-0.51,0,272,0,,
2017-18 | Regular Season,"Hanna, Quinn",D,N,"Blainville-Boisbriand, Armada",1999-04-14,32,2,1,1,4,447,27,13,0.68,0.53,0.15,3,328,0.01,0.15,0.11
2017-18 | Regular Season,"Burt, Robbie",F,N,"Saint John, Sea Dogs",1999-05-29,55,11,3,5,19,316,24,59,0.29,0.42,-0.13,14,235,0.06,0.79,0.58
2017-18 | Regular Season,"Deakin-Poot, Nicholas",F,N,"Saint John, Sea Dogs",1999-01-28,18,2,3,0,5,316,6,10,0.38,0.42,-0.04,5,235,0.02,0.83,0.83
2017-18 | Regular Season,"Finoro, Giordano",F,N,"Gatineau, Olympiques",1998-05-17,57,9,12,5,26,324,35,28,0.56,0.47,0.09,21,239,0.09,0.74,0.6
2017-18 | Regular Season,"Seitz, Dylan",F,N,"Moncton, Wildcats",1999-01-15,57,9,7,5,21,390,27,37,0.42,0.48,-0.06,16,281,0.06,0.78,0.59
2017-18 | Regular Season,"Sparkes, Sullivan",F,N,"Charlottetown, Islanders",1999-05-04,60,12,9,4,25,365,38,28,0.58,0.51,0.07,21,272,0.08,0.66,0.55
2017-18 | Regular Season,"Stevens, Liam",F,N,"Chicoutimi, Saguenéens",1999-04-23,61,9,2,4,15,347,23,27,0.46,0.51,-0.05,11,255,0.04,0.65,0.48
2017-18 | Regular Season,"Johnson, Kolby",F,N,"Sherbrooke, Phoenix",1998-05-12,41,1,1,0,2,411,6,22,0.21,0.5,-0.29,2,302,0.01,0.33,0.33
2017-18 | Regular Season,"Kirwan, Luke",F,N,"Baie-Comeau, Drakkar",1997-09-23,47,12,2,5,19,389,32,34,0.48,0.48,0,14,282,0.05,0.59,0.44
2017-18 | Regular Season,"Smith, Ryan",F,N,"Chicoutimi, Saguenéens",1999-06-04,54,4,3,3,10,347,19,27,0.41,0.51,-0.1,7,255,0.03,0.53,0.37
2017-18 | Regular Season,"Auger, Kyle",D,N,"Moncton, Wildcats",1999-01-02,13,1,1,0,2,390,5,10,0.33,0.48,-0.15,2,281,0.01,0.4,0.4
2017-18 | Regular Season,"O'Reilly, Brendan",D,N,"Saint John, Sea Dogs",1997-05-15,31,0,1,1,2,316,10,35,0.22,0.42,-0.2,1,235,0,0.2,0.1
2017-18 | Regular Season,"Peyton, Liam",F,Y,"Charlottetown, Islanders",2000-03-30,38,1,3,1,5,365,10,12,0.45,0.51,-0.06,4,272,0.01,0.5,0.4
2017-18 | Regular Season,"Anderson, Joshua",D,N,"Rimouski, Océanic",1999-06-14,19,0,0,2,2,434,12,9,0.57,0.53,0.04,0,312,0,0.17,0
2017-18 | Regular Season,"Sandilands, Roddie",D,N,"Shawinigan, Cataractes",1999-06-14,25,0,4,0,4,343,12,34,0.26,0.47,-0.21,4,250,0.02,0.33,0.33
2017-18 | Regular Season,"Templeton, Stephen",D,N,"Chicoutimi, Saguenéens",1997-01-26,29,1,4,1,6,347,14,21,0.4,0.51,-0.11,5,255,0.02,0.43,0.36
2017-18 | Regular Season,"Martin, Calvin",F,Y,"Val-d'Or, Foreurs",1999-09-16,28,2,2,1,5,310,12,37,0.24,0.43,-0.19,4,225,0.02,0.42,0.33
