Season,Name,Position,Draft.Eligible,Team,Birth Date,GP,G,A1,A2,PTS,PRIMARY.PTS,PERC.TEAM.PTS,PERC.TEAM.PrPTS,Shots,Team.Shots,SH.PERC,PERC.TEAM.SHOTS
2017-18 | Regular Season,"Paquette-Bisson, Tobie",D,N,"Blainville-Boisbriand, Armada",1997-02-01,59,4,13,10,27,17,0.04,0.03,71,1734,0.06,0.04
2017-18 | Regular Season,"Roy, Hugo",F,N,"Sherbrooke, Phoenix",1997-08-08,64,21,16,10,47,37,0.08,0.08,146,1734,0.14,0.08
2017-18 | Regular Season,"Mongo, Yvan",F,N,"Drummondville, Voltigeurs",1997-03-11,58,18,20,9,47,38,0.06,0.07,170,1734,0.11,0.1
2017-18 | Regular Season,"Roy, Charlie",D,N,"Blainville-Boisbriand, Armada",1997-06-10,5,0,1,1,2,1,0,0,6,1734,0,0
2017-18 | Regular Season,"Boucher, Matthew",F,N,"Québec, Remparts",1997-12-17,66,31,22,15,68,53,0.11,0.12,280,1734,0.11,0.16
2017-18 | Regular Season,"Lalonde, Bradley",D,N,"Baie-Comeau, Drakkar",1997-08-01,60,13,26,18,57,39,0.1,0.09,203,1734,0.06,0.12
2017-18 | Regular Season,"Blier, Samuel",F,N,"Shawinigan, Cataractes",1997-06-13,57,11,7,7,25,18,0.05,0.05,96,1734,0.11,0.06
2017-18 | Regular Season,"Askew, Cameron",F,N,"Charlottetown, Islanders",1997-05-13,63,19,9,10,38,28,0.08,0.08,197,1734,0.1,0.11
2017-18 | Regular Season,"Barré-Boulet, Alex",F,N,"Blainville-Boisbriand, Armada",1997-05-21,65,53,37,26,116,90,0.16,0.17,295,1734,0.18,0.17
2017-18 | Regular Season,"Alain, Alexandre",F,N,"Blainville-Boisbriand, Armada",1997-03-03,65,44,23,20,87,67,0.12,0.13,251,1734,0.18,0.14
2017-18 | Regular Season,"Aquin, Pascal",F,N,"Charlottetown, Islanders",1997-07-03,59,24,14,5,43,38,0.08,0.1,162,1734,0.15,0.09
2017-18 | Regular Season,"Fortier, Maxime",F,N,"Halifax, Mooseheads",1997-12-15,61,32,33,10,75,65,0.11,0.12,265,1734,0.12,0.15
2017-18 | Regular Season,"Ford, Taylor",D,N,"Rouyn-Noranda, Huskies",1997-05-14,46,3,2,6,11,5,0.02,0.01,60,1734,0.05,0.03
2017-18 | Regular Season,"Moynihan, Connor",F,N,"Halifax, Mooseheads",1997-07-20,66,21,7,14,42,28,0.06,0.05,138,1734,0.15,0.08
2017-18 | Regular Season,"Holwell, Adam",D,N,"Acadie-Bathurst, Titan",1997-03-08,67,10,25,15,50,35,0.07,0.07,171,1734,0.06,0.1
2017-18 | Regular Season,"Bower, William",F,N,"Charlottetown, Islanders",1997-11-07,8,1,0,0,1,1,0,0,14,1734,0.07,0.01
2017-18 | Regular Season,"Olivier, Mathieu",F,N,"Sherbrooke, Phoenix",1997-02-11,67,27,13,9,49,40,0.08,0.09,223,1734,0.12,0.13
2017-18 | Regular Season,"Cormier, Lane",F,N,"Rouyn-Noranda, Huskies",1997-02-11,5,1,0,0,1,1,0,0,4,1734,0.25,0
2017-18 | Regular Season,"Lanoue, Vincent",D,N,"Victoriaville, Tigres",1997-08-17,66,7,13,27,47,20,0.06,0.04,127,1734,0.06,0.07
2017-18 | Regular Season,"Picco, Andrew",D,N,"Québec, Remparts",1997-04-02,56,1,3,6,10,4,0.02,0.01,37,1734,0.03,0.02
2017-18 | Regular Season,"Thompson, Will",D,N,"Gatineau, Olympiques",1997-07-02,60,2,16,8,26,18,0.04,0.04,102,1734,0.02,0.06
2017-18 | Regular Season,"Dove-McFalls, Samuel",F,N,"Rimouski, Océanic",1997-04-10,64,22,35,16,73,57,0.12,0.13,248,1734,0.09,0.14
2017-18 | Regular Season,"Webster, Bailey",D,N,"Saint John, Sea Dogs",1997-09-08,67,1,5,5,11,6,0.02,0.02,68,1734,0.01,0.04
2017-18 | Regular Season,"Phelan, James",F,N,"Moncton, Wildcats",1997-02-18,64,33,24,17,74,57,0.12,0.13,161,1734,0.2,0.09
2017-18 | Regular Season,"Welsh, Nicholas",D,N,"Moncton, Wildcats",1997-05-07,68,12,33,21,66,45,0.11,0.1,181,1734,0.07,0.1
2017-18 | Regular Season,"Harwell, Chase",F,N,"Victoriaville, Tigres",1997-01-11,67,21,8,15,44,29,0.06,0.06,176,1734,0.12,0.1
2017-18 | Regular Season,"Truchon-Viel, Jeffrey",F,N,"Acadie-Bathurst, Titan",1997-01-28,58,39,15,8,62,54,0.08,0.1,235,1734,0.17,0.14
2017-18 | Regular Season,"Henley, David",D,N,"Val-d'Or, Foreurs",1997-03-13,54,6,4,10,20,10,0.04,0.03,96,1734,0.06,0.06
2017-18 | Regular Season,"Galipeau, Olivier",D,N,"Acadie-Bathurst, Titan",1997-05-22,67,25,30,19,74,55,0.14,0.14,271,1734,0.09,0.16
2017-18 | Regular Season,"Fournier, Jordan Ty",F,N,"Cape Breton, Screaming Eagles",1997-04-04,67,17,9,7,33,26,0.05,0.06,179,1734,0.09,0.1
2017-18 | Regular Season,"Nadeau, Mathieu",F,N,"Rimouski, Océanic",1997-01-03,59,25,30,19,74,55,0.16,0.17,188,1734,0.13,0.11
2017-18 | Regular Season,"Maher, Jordan",F,N,"Acadie-Bathurst, Titan",1998-03-11,63,19,18,24,61,37,0.08,0.07,121,1734,0.16,0.07
2017-18 | Regular Season,"Francis, Elijah",D,N,"Acadie-Bathurst, Titan",1998-03-05,54,1,4,3,8,5,0.01,0.01,39,1734,0.03,0.02
2017-18 | Regular Season,"Boivin, Félix",D,N,"Victoriaville, Tigres",1998-03-11,68,10,8,11,29,18,0.04,0.03,153,1734,0.07,0.09
2017-18 | Regular Season,"Huntington, Jimmy",F,N,"Victoriaville, Tigres",1998-11-18,68,18,22,18,58,40,0.08,0.08,145,1734,0.12,0.08
2017-18 | Regular Season,"Beauchamp, Anthony",F,N,"Gatineau, Olympiques",1998-10-23,65,11,8,9,28,19,0.05,0.05,128,1734,0.09,0.07
2017-18 | Regular Season,"Chevrier, Simon",F,N,"Baie-Comeau, Drakkar",1997-05-19,58,5,9,12,26,14,0.04,0.03,91,1734,0.05,0.05
2017-18 | Regular Season,"Katerinakis, Alexander",F,N,"Blainville-Boisbriand, Armada",1998-04-25,51,13,18,9,40,31,0.06,0.06,97,1734,0.13,0.06
2017-18 | Regular Season,"Hylland, Tyler",F,N,"Cape Breton, Screaming Eagles",1998-04-21,57,12,11,5,28,23,0.04,0.05,102,1734,0.12,0.06
2017-18 | Regular Season,"Adams-Moisan, Morgan",F,N,"Drummondville, Voltigeurs",1997-02-06,68,32,22,7,61,54,0.08,0.1,180,1734,0.18,0.1
2017-18 | Regular Season,"Castonguay, Daven",D,N,"Drummondville, Voltigeurs",1998-05-21,57,1,6,3,10,7,0.01,0.01,51,1734,0.02,0.03
2017-18 | Regular Season,"King, Sam",F,N,"Charlottetown, Islanders",1998-05-11,68,10,10,6,26,20,0.05,0.05,114,1734,0.09,0.07
2017-18 | Regular Season,"Corbeil, Pascal",D,N,"Blainville-Boisbriand, Armada",1998-01-21,46,9,21,21,51,30,0.07,0.06,84,1734,0.11,0.05
2017-18 | Regular Season,"Beaudin, Jérémie",D,N,"Victoriaville, Tigres",1998-05-14,66,6,21,8,35,27,0.05,0.05,109,1734,0.06,0.06
2017-18 | Regular Season,"L'Italien, Samuel",F,N,"Acadie-Bathurst, Titan",1998-04-13,68,19,12,13,44,31,0.06,0.06,131,1734,0.15,0.08
2017-18 | Regular Season,"Martineau, Phélix",F,N,"Cape Breton, Screaming Eagles",1997-06-03,68,34,20,12,66,54,0.11,0.12,227,1734,0.15,0.13
2017-18 | Regular Season,"Balmas, Mitchell",F,N,"Acadie-Bathurst, Titan",1998-03-19,68,42,18,12,72,60,0.13,0.15,240,1734,0.18,0.14
2017-18 | Regular Season,"Guilbault, Samuel",F,N,"Shawinigan, Cataractes",1998-04-09,12,3,0,1,4,3,0.01,0.01,16,1734,0.19,0.01
2017-18 | Regular Season,"Smith, Andrew",D,N,"Victoriaville, Tigres",1998-03-18,62,2,4,5,11,6,0.01,0.01,37,1734,0.05,0.02
2017-18 | Regular Season,"Getson, Keith",F,N,"Charlottetown, Islanders",1998-03-29,68,20,18,11,49,38,0.09,0.1,190,1734,0.11,0.11
2017-18 | Regular Season,"Wojcik, Anthony",F,N,"Québec, Remparts",1998-05-29,9,1,0,0,1,1,0,0,10,1734,0.1,0.01
2017-18 | Regular Season,"Bélanger, Jean-Simon",F,N,"Baie-Comeau, Drakkar",1998-03-03,27,3,3,1,7,6,0.01,0.01,40,1734,0.08,0.02
2017-18 | Regular Season,"Gagné, Benjamin",D,N,"Québec, Remparts",1998-10-22,66,10,12,16,38,22,0.06,0.05,165,1734,0.06,0.1
2017-18 | Regular Season,"Sévigny, Mathieu",F,N,"Victoriaville, Tigres",1998-03-12,41,13,11,6,30,24,0.04,0.05,104,1734,0.12,0.06
2017-18 | Regular Season,"Laberge, Pascal",F,N,"Québec, Remparts",1998-04-09,64,17,17,13,47,34,0.06,0.06,175,1734,0.1,0.1
2017-18 | Regular Season,"Landreville, Alexandre",F,N,"Gatineau, Olympiques",1997-04-24,68,12,11,14,37,23,0.07,0.06,91,1734,0.13,0.05
2017-18 | Regular Season,"Crossley, Brett",F,N,"Halifax, Mooseheads",1998-01-03,66,5,3,1,9,8,0.01,0.02,44,1734,0.11,0.03
2017-18 | Regular Season,"Dachyshyn, Barrett",F,N,"Halifax, Mooseheads",1998-10-05,52,1,2,0,3,3,0,0.01,43,1734,0.02,0.02
2017-18 | Regular Season,"Nauss, Morgan",D,N,"Chicoutimi, Saguenéens",1998-04-20,60,4,9,15,28,13,0.05,0.03,70,1734,0.06,0.04
2017-18 | Regular Season,"Corson, Noah",F,N,"Baie-Comeau, Drakkar",1998-03-17,10,2,1,1,4,3,0.01,0.01,20,1734,0.1,0.01
2017-18 | Regular Season,"Murphy, Liam",F,N,"Acadie-Bathurst, Titan",1998-01-20,65,20,15,3,38,35,0.05,0.07,148,1734,0.14,0.09
2017-18 | Regular Season,"Tesink, Marcus",D,N,"Saint John, Sea Dogs",1998-08-05,15,0,1,1,2,1,0,0,12,1734,0,0.01
2017-18 | Regular Season,"Duquette, Marc-Olivier",D,N,"Drummondville, Voltigeurs",1998-03-26,68,3,8,10,21,11,0.03,0.02,85,1734,0.04,0.05
2017-18 | Regular Season,"Sutton, Jesse",F,N,"Québec, Remparts",1998-03-28,68,22,14,10,46,36,0.08,0.08,117,1734,0.19,0.07
2017-18 | Regular Season,"Garneau, Olivier",F,N,"Québec, Remparts",1998-07-21,67,23,19,8,50,42,0.08,0.1,150,1734,0.15,0.09
2017-18 | Regular Season,"Demers, Pierre-Olivier",D,N,"Victoriaville, Tigres",1998-03-21,11,0,0,0,0,0,0,0,6,1734,0,0
2017-18 | Regular Season,"Fortin, Louis-Philip",D,N,"Acadie-Bathurst, Titan",1998-01-24,13,0,0,0,0,0,0,0,21,1734,0,0.01
2017-18 | Regular Season,"MacDougall, Ross",D,N,"Cape Breton, Screaming Eagles",1997-03-06,42,7,18,6,31,25,0.05,0.06,76,1734,0.09,0.04
2017-18 | Regular Season,"Cormier, Dominic",D,N,"Rimouski, Océanic",1998-01-02,66,9,16,22,47,25,0.06,0.05,148,1734,0.06,0.09
2017-18 | Regular Season,"Neveu, Jacob",D,N,"Rouyn-Noranda, Huskies",1998-01-12,67,5,5,8,18,10,0.03,0.02,60,1734,0.08,0.03
2017-18 | Regular Season,"Lauzon, Zachary",D,N,"Rouyn-Noranda, Huskies",1998-10-10,25,0,1,3,4,1,0.01,0,38,1734,0,0.02
2017-18 | Regular Season,"Abbandonato, Peter",F,N,"Rouyn-Noranda, Huskies",1998-03-25,68,27,37,11,75,64,0.12,0.14,176,1734,0.15,0.1
2017-18 | Regular Season,"Boucher, Mathieu",F,N,"Rouyn-Noranda, Huskies",1997-04-19,66,33,17,13,63,50,0.1,0.11,186,1734,0.18,0.11
2017-18 | Regular Season,"Green, Luke",D,N,"Sherbrooke, Phoenix",1998-01-12,14,5,1,9,15,6,0.02,0.01,28,1734,0.18,0.02
2017-18 | Regular Season,"Tessier, Julien",F,N,"Moncton, Wildcats",1998-04-01,67,21,25,8,54,46,0.09,0.1,155,1734,0.14,0.09
2017-18 | Regular Season,"Green, Matt",F,N,"Saint John, Sea Dogs",1998-01-12,34,5,2,3,10,7,0.02,0.02,55,1734,0.09,0.03
2017-18 | Regular Season,"Smith, Declan",F,N,"Cape Breton, Screaming Eagles",1998-05-07,65,17,15,6,38,32,0.06,0.07,113,1734,0.15,0.07
2017-18 | Regular Season,"Ward, Kyle",F,N,"Rouyn-Noranda, Huskies",1997-12-29,8,2,0,0,2,2,0,0,12,1734,0.17,0.01
2017-18 | Regular Season,"Girard, Samuel",D,N,"Shawinigan, Cataractes",1998-05-12,0,0,0,0,0,0,0,0,0,1734,,0
2017-18 | Regular Season,"Sylvestre, Gabriel",D,N,"Moncton, Wildcats",1998-01-22,60,8,6,5,19,14,0.03,0.03,72,1734,0.11,0.04
2017-18 | Regular Season,"Asselin, Samuel",F,N,"Acadie-Bathurst, Titan",1998-07-01,48,13,15,14,42,28,0.09,0.08,141,1734,0.09,0.08
2017-18 | Regular Season,"Paré, Justin",F,N,"Victoriaville, Tigres",1998-01-31,31,4,1,7,12,5,0.02,0.01,14,1734,0.29,0.01
2017-18 | Regular Season,"Grégoire, Thomas",D,N,"Sherbrooke, Phoenix",1998-07-15,67,12,41,16,69,53,0.11,0.12,248,1734,0.05,0.14
2017-18 | Regular Season,"Poulin, Nicolas",F,N,"Sherbrooke, Phoenix",1997-07-24,64,35,19,11,65,54,0.11,0.12,259,1734,0.14,0.15
2017-18 | Regular Season,"Gilbert, Kevin",F,N,"Sherbrooke, Phoenix",1998-03-24,57,11,12,2,25,23,0.04,0.05,114,1734,0.1,0.07
2017-18 | Regular Season,"Bilodeau, Gabriel",D,N,"Gatineau, Olympiques",1998-06-04,66,8,7,20,35,15,0.06,0.04,100,1734,0.08,0.06
2017-18 | Regular Season,"Higgins, Tyler",D,N,"Gatineau, Olympiques",1998-08-02,51,0,3,6,9,3,0.02,0.01,40,1734,0,0.02
2017-18 | Regular Season,"Desjardins, Olivier",D,N,"Charlottetown, Islanders",1997-05-31,66,4,3,6,13,7,0.02,0.02,93,1734,0.04,0.05
2017-18 | Regular Season,"Dion, Yan",F,N,"Val-d'Or, Foreurs",1998-05-05,64,10,10,6,26,20,0.06,0.06,86,1734,0.12,0.05
2017-18 | Regular Season,"Lauzon, Félix",F,N,"Victoriaville, Tigres",1998-04-30,38,11,12,8,31,23,0.04,0.04,77,1734,0.14,0.04
2017-18 | Regular Season,"Breton, Alex",D,N,"Gatineau, Olympiques",1997-07-05,59,10,24,5,39,34,0.07,0.08,143,1734,0.07,0.08
2017-18 | Regular Season,"Bertrand, Yannik",F,N,"Rimouski, Océanic",1997-11-12,24,8,1,4,13,9,0.02,0.02,49,1734,0.16,0.03
2017-18 | Regular Season,"Marsh, Adam",F,N,"Charlottetown, Islanders",1997-08-22,19,6,5,4,15,11,0.03,0.03,54,1734,0.11,0.03
2017-18 | Regular Season,"Theede, Dawson",F,N,"Acadie-Bathurst, Titan",1997-04-15,49,22,20,2,44,42,0.08,0.1,130,1734,0.17,0.07
2017-18 | Regular Season,"Morand, Antoine",F,N,"Acadie-Bathurst, Titan",1999-02-18,66,26,32,18,76,58,0.1,0.11,188,1734,0.14,0.11
2017-18 | Regular Season,"Gravel, Jérôme",D,N,"Victoriaville, Tigres",1999-08-27,64,7,8,9,24,15,0.03,0.03,65,1734,0.11,0.04
2017-18 | Regular Season,"Ryczek, Jake",D,N,"Halifax, Mooseheads",1998-03-19,33,7,10,10,27,17,0.04,0.03,75,1734,0.09,0.04
2017-18 | Regular Season,"LeCouffe, Marc-André",F,N,"Acadie-Bathurst, Titan",1999-06-15,40,3,2,3,8,5,0.01,0.01,27,1734,0.11,0.02
2017-18 | Regular Season,"Aucoin, Yan",D,N,"Baie-Comeau, Drakkar",1999-08-01,62,3,7,7,17,10,0.03,0.02,77,1734,0.04,0.04
2017-18 | Regular Season,"Capannelli, Adam",F,N,"Moncton, Wildcats",1999-05-17,42,3,10,10,23,13,0.04,0.03,54,1734,0.06,0.03
2017-18 | Regular Season,"Benoit, Christopher",F,N,"Baie-Comeau, Drakkar",1999-05-31,68,7,5,4,16,12,0.03,0.03,83,1734,0.08,0.05
2017-18 | Regular Season,"Girard, Antoine",F,N,"Baie-Comeau, Drakkar",1998-09-22,50,4,6,5,15,10,0.03,0.02,79,1734,0.05,0.05
2017-18 | Regular Season,"Tardif, Louis Jr",D,N,"Baie-Comeau, Drakkar",1999-02-11,68,1,0,3,4,1,0.01,0,27,1734,0.04,0.02
2017-18 | Regular Season,"Martel, Jordan",F,N,"Baie-Comeau, Drakkar",1998-02-24,66,39,24,14,77,63,0.13,0.15,228,1734,0.17,0.13
2017-18 | Regular Season,"Gallo-Demetris, Isaiah",F,N,"Baie-Comeau, Drakkar",1999-03-09,50,8,6,2,16,14,0.03,0.03,46,1734,0.17,0.03
2017-18 | Regular Season,"Crête-Belzile, Antoine",D,N,"Blainville-Boisbriand, Armada",1999-08-19,51,3,3,4,10,6,0.01,0.01,42,1734,0.07,0.02
2017-18 | Regular Season,"Teasdale, Joël",F,N,"Blainville-Boisbriand, Armada",1999-03-11,65,32,22,11,65,54,0.09,0.1,198,1734,0.16,0.11
2017-18 | Regular Season,"Poulin, Anthony",F,N,"Blainville-Boisbriand, Armada",1999-08-26,40,8,6,5,19,14,0.03,0.03,40,1734,0.2,0.02
2017-18 | Regular Season,"Boucher, Anthony",F,N,"Saint John, Sea Dogs",1998-06-25,68,16,11,11,38,27,0.08,0.08,142,1734,0.11,0.08
2017-18 | Regular Season,"Miller, Shaun",F,N,"Blainville-Boisbriand, Armada",1999-06-04,47,6,13,8,27,19,0.04,0.04,87,1734,0.07,0.05
2017-18 | Regular Season,"Ethier, Thomas",F,Y,"Blainville-Boisbriand, Armada",1999-10-12,65,15,9,9,33,24,0.05,0.05,127,1734,0.12,0.07
2017-18 | Regular Season,"Kemp, Michael",D,N,"Blainville-Boisbriand, Armada",1998-03-03,46,7,4,0,11,11,0.02,0.02,48,1734,0.15,0.03
2017-18 | Regular Season,"Anglehart, Rémy",F,N,"Blainville-Boisbriand, Armada",1999-06-19,58,18,9,5,32,27,0.04,0.05,80,1734,0.22,0.05
2017-18 | Regular Season,"Hoyt, Peyton",F,N,"Cape Breton, Screaming Eagles",1999-02-18,52,18,5,1,24,23,0.04,0.05,103,1734,0.17,0.06
2017-18 | Regular Season,"Roy, Sacha",D,N,"Cape Breton, Screaming Eagles",1999-04-05,55,3,2,5,10,5,0.02,0.01,53,1734,0.06,0.03
2017-18 | Regular Season,"Sansfaçon, Alexis",D,N,"Blainville-Boisbriand, Armada",1999-03-09,60,0,4,6,10,4,0.01,0.01,52,1734,0,0.03
2017-18 | Regular Season,"Batherson, Drake",F,N,"Blainville-Boisbriand, Armada",1998-04-27,51,29,30,18,77,59,0.11,0.11,166,1734,0.17,0.1
2017-18 | Regular Season,"Boudrias, Shawn",F,N,"Gatineau, Olympiques",1999-09-14,60,28,17,15,60,45,0.11,0.11,195,1734,0.14,0.11
2017-18 | Regular Season,"Joseph, Pierre-Olivier",D,N,"Charlottetown, Islanders",1999-07-01,63,13,20,13,46,33,0.09,0.08,150,1734,0.09,0.09
2017-18 | Regular Season,"Grouchy, Matthew",F,Y,"Charlottetown, Islanders",1999-11-19,63,17,10,7,34,27,0.06,0.07,96,1734,0.18,0.06
2017-18 | Regular Season,"Groleau, Jérémy",D,Y,"Chicoutimi, Saguenéens",1999-10-25,63,4,6,5,15,10,0.03,0.03,96,1734,0.04,0.06
2017-18 | Regular Season,"MacIsaac, Keenan",D,N,"Acadie-Bathurst, Titan",1999-04-01,68,3,13,14,30,16,0.04,0.03,109,1734,0.03,0.06
2017-18 | Regular Season,"Guay, Nicolas",F,N,"Drummondville, Voltigeurs",1999-06-18,68,29,22,4,55,51,0.08,0.1,227,1734,0.13,0.13
2017-18 | Regular Season,"Noël, David",D,N,"Val-d'Or, Foreurs",1999-04-10,68,14,15,17,46,29,0.1,0.09,191,1734,0.07,0.11
2017-18 | Regular Season,"Lavigne, Zachary",F,N,"Chicoutimi, Saguenéens",1998-11-10,44,12,9,8,29,21,0.06,0.06,91,1734,0.13,0.05
2017-18 | Regular Season,"Desgroseilliers, Nicolas",F,N,"Drummondville, Voltigeurs",1998-05-26,22,4,1,0,5,5,0.01,0.01,32,1734,0.12,0.02
2017-18 | Regular Season,"Tremblay-Lapalme, Vincent",F,N,"Chicoutimi, Saguenéens",1999-03-15,64,9,10,4,23,19,0.04,0.05,115,1734,0.08,0.07
2017-18 | Regular Season,"Gagné, Marc-Antoine",F,N,"Chicoutimi, Saguenéens",1999-01-21,15,1,1,0,2,2,0,0.01,11,1734,0.09,0.01
2017-18 | Regular Season,"Gaboury-Potvin, Alexis",F,N,"Chicoutimi, Saguenéens",1999-03-10,28,2,1,3,6,3,0.01,0.01,23,1734,0.09,0.01
2017-18 | Regular Season,"Poirier, William",F,Y,"Saint John, Sea Dogs",1999-11-13,65,9,5,6,20,14,0.04,0.04,107,1734,0.08,0.06
2017-18 | Regular Season,"Beaudin, Nicolas",D,Y,"Drummondville, Voltigeurs",1999-10-07,68,12,20,37,69,32,0.09,0.06,151,1734,0.08,0.09
2017-18 | Regular Season,"Gaumond, Samuel",F,N,"Rimouski, Océanic",1999-02-01,11,0,0,1,1,0,0,0,9,1734,0,0.01
2017-18 | Regular Season,"Côté, Jérémy",F,N,"Victoriaville, Tigres",1999-05-03,52,2,6,3,11,8,0.01,0.02,28,1734,0.07,0.02
2017-18 | Regular Season,"Gagnon, Anthony",F,N,"Gatineau, Olympiques",1999-02-22,67,10,5,8,23,15,0.04,0.04,133,1734,0.08,0.08
2017-18 | Regular Season,"Joly, D'Artagnan",F,N,"Baie-Comeau, Drakkar",1999-04-07,55,23,33,12,68,56,0.12,0.13,148,1734,0.16,0.09
2017-18 | Regular Season,"Durocher, Jeffrey",F,N,"Gatineau, Olympiques",1999-01-13,63,13,5,18,36,18,0.06,0.04,88,1734,0.15,0.05
2017-18 | Regular Season,"Paradis, Joakim",D,N,"Baie-Comeau, Drakkar",1999-07-27,43,3,2,5,10,5,0.02,0.01,30,1734,0.1,0.02
2017-18 | Regular Season,"Basque, William",F,N,"Gatineau, Olympiques",1999-04-10,33,2,3,1,6,5,0.01,0.01,26,1734,0.08,0.01
2017-18 | Regular Season,"Milot-Ouellet, Vincent",F,N,"Chicoutimi, Saguenéens",1998-11-06,68,6,6,6,18,12,0.03,0.03,90,1734,0.07,0.05
2017-18 | Regular Season,"Lacombe, Pier-Olivier",D,N,"Gatineau, Olympiques",1999-07-24,65,11,15,8,34,26,0.06,0.06,142,1734,0.08,0.08
2017-18 | Regular Season,"Durandeau, Arnaud",F,N,"Halifax, Mooseheads",1999-01-14,67,20,21,12,53,41,0.07,0.08,164,1734,0.12,0.09
2017-18 | Regular Season,"Flower, Walter",D,N,"Halifax, Mooseheads",1999-05-07,43,3,4,7,14,7,0.02,0.01,21,1734,0.14,0.01
2017-18 | Regular Season,"Lepage, Jordan",D,N,"Halifax, Mooseheads",1999-05-07,47,2,7,1,10,9,0.02,0.02,52,1734,0.04,0.03
2017-18 | Regular Season,"Charlebois, Mathieu",D,N,"Gatineau, Olympiques",1999-02-14,61,0,2,2,4,2,0.01,0,45,1734,0,0.03
2017-18 | Regular Season,"Bishop, Joel",F,N,"Halifax, Mooseheads",1999-05-07,53,6,6,5,17,12,0.02,0.02,69,1734,0.09,0.04
2017-18 | Regular Season,"Higgins, Ben",F,N,"Halifax, Mooseheads",1999-02-04,65,4,6,2,12,10,0.02,0.02,58,1734,0.07,0.03
2017-18 | Regular Season,"Jones, Cooper",D,N,"Halifax, Mooseheads",1998-06-09,53,1,1,2,4,2,0.01,0,20,1734,0.05,0.01
2017-18 | Regular Season,"Cyr, Mika",F,N,"Moncton, Wildcats",1999-07-14,44,21,10,9,40,31,0.06,0.07,128,1734,0.16,0.07
2017-18 | Regular Season,"Crossman, Ethan",F,N,"Acadie-Bathurst, Titan",1999-03-13,66,21,15,8,44,36,0.06,0.07,162,1734,0.13,0.09
2017-18 | Regular Season,"Aspirot, Jonathan",D,N,"Moncton, Wildcats",1999-05-16,67,7,9,10,26,16,0.04,0.04,90,1734,0.08,0.05
2017-18 | Regular Season,"McKenna, Jeremy",F,N,"Moncton, Wildcats",1999-04-20,68,36,21,20,77,57,0.12,0.13,313,1734,0.12,0.18
2017-18 | Regular Season,"MacArthur, Brodie",F,N,"Moncton, Wildcats",1999-04-23,1,0,0,0,0,0,0,0,0,1734,,0
2017-18 | Regular Season,"Gentile, Derek",F,N,"Charlottetown, Islanders",1999-04-09,67,23,23,15,61,46,0.11,0.12,195,1734,0.12,0.11
2017-18 | Regular Season,"Robidoux, Mikael",F,N,"Québec, Remparts",1999-04-17,41,7,5,4,16,12,0.03,0.03,38,1734,0.18,0.02
2017-18 | Regular Season,"Huntley, Christian",D,N,"Québec, Remparts",1999-03-02,61,9,13,16,38,22,0.06,0.05,107,1734,0.08,0.06
2017-18 | Regular Season,"Verrette, Etienne",D,N,"Québec, Remparts",1998-12-21,56,1,9,9,19,10,0.03,0.02,50,1734,0.02,0.03
2017-18 | Regular Season,"Voyer, Alex-Olivier",F,N,"Rimouski, Océanic",1999-04-10,55,12,9,11,32,21,0.05,0.05,131,1734,0.09,0.08
2017-18 | Regular Season,"MacKinnon, Carson",F,N,"Rimouski, Océanic",1999-08-02,65,13,11,11,35,24,0.06,0.05,131,1734,0.1,0.08
2017-18 | Regular Season,"D'Astous, Charle-Edouard",D,N,"Rimouski, Océanic",1998-04-21,59,18,16,22,56,34,0.09,0.08,212,1734,0.08,0.12
2017-18 | Regular Season,"Girard, Alexis",D,Y,"Saint John, Sea Dogs",1999-12-22,62,6,8,11,25,14,0.05,0.04,89,1734,0.07,0.05
2017-18 | Regular Season,"Trépanier, Maxim",F,N,"Gatineau, Olympiques",1999-05-15,52,13,16,4,33,29,0.06,0.07,114,1734,0.11,0.07
2017-18 | Regular Season,"Cormier, Dominic",F,N,"Rimouski, Océanic",1999-07-27,10,1,0,0,1,1,0,0,5,1734,0.2,0
2017-18 | Regular Season,"Forest, Wilson",D,N,"Rimouski, Océanic",1998-03-11,67,4,14,3,21,18,0.03,0.04,103,1734,0.04,0.06
2017-18 | Regular Season,"Côté, Louis-Filip",F,N,"Québec, Remparts",1999-05-02,68,11,10,4,25,21,0.04,0.05,130,1734,0.08,0.07
2017-18 | Regular Season,"Bibeau, Félix",F,N,"Rouyn-Noranda, Huskies",1999-03-31,61,22,21,19,62,43,0.1,0.1,206,1734,0.11,0.12
2017-18 | Regular Season,"Després, Hugo",F,N,"Rouyn-Noranda, Huskies",1999-07-18,35,5,7,5,17,12,0.03,0.03,49,1734,0.1,0.03
2017-18 | Regular Season,"Cyr, William",D,N,"Rouyn-Noranda, Huskies",1999-05-06,65,14,14,18,46,28,0.07,0.06,105,1734,0.13,0.06
2017-18 | Regular Season,"Harvey-Pinard, Rafaël",F,N,"Rouyn-Noranda, Huskies",1999-01-06,67,26,38,12,76,64,0.12,0.14,178,1734,0.15,0.1
2017-18 | Regular Season,"Naud, Samuel",F,Y,"Rouyn-Noranda, Huskies",1999-10-16,60,3,3,5,11,6,0.02,0.01,106,1734,0.03,0.06
2017-18 | Regular Season,"Diotte, Jérémy",D,N,"Chicoutimi, Saguenéens",1999-06-07,66,2,13,15,30,15,0.06,0.04,103,1734,0.02,0.06
2017-18 | Regular Season,"Veleno, Joe",F,Y,"Drummondville, Voltigeurs",2000-01-13,64,22,32,25,79,54,0.11,0.1,201,1734,0.11,0.12
2017-18 | Regular Season,"Paré, Cédric",F,N,"Saint John, Sea Dogs",1999-01-24,60,13,14,10,37,27,0.08,0.08,130,1734,0.1,0.07
2017-18 | Regular Season,"Martineau, Vincent",D,N,"Rimouski, Océanic",1999-05-02,10,0,0,2,2,0,0,0,11,1734,0,0.01
2017-18 | Regular Season,"Reid, Ben",F,N,"Saint John, Sea Dogs",1999-06-04,35,6,4,1,11,10,0.02,0.03,41,1734,0.15,0.02
2017-18 | Regular Season,"Smallwood, Ian",D,N,"Cape Breton, Screaming Eagles",1999-01-22,36,2,2,6,10,4,0.02,0.01,24,1734,0.08,0.01
2017-18 | Regular Season,"Lafrenière, Alexandre",F,N,"Saint John, Sea Dogs",1999-05-20,14,1,1,1,3,2,0.01,0.01,18,1734,0.06,0.01
2017-18 | Regular Season,"Leblanc, Samuel",F,N,"Blainville-Boisbriand, Armada",1999-06-18,41,3,2,0,5,5,0.01,0.01,42,1734,0.07,0.02
2017-18 | Regular Season,"Chainey, Jocktan",D,N,"Halifax, Mooseheads",1999-09-08,66,7,15,18,40,22,0.06,0.04,111,1734,0.06,0.06
2017-18 | Regular Season,"Cardinal, Tommy",F,N,"Shawinigan, Cataractes",1999-01-14,63,3,1,2,6,4,0.01,0.01,52,1734,0.06,0.03
2017-18 | Regular Season,"Fortin, Jérémy",F,N,"Chicoutimi, Saguenéens",1999-07-09,62,4,6,3,13,10,0.02,0.03,55,1734,0.07,0.03
2017-18 | Regular Season,"Benoit, Simon",D,N,"Shawinigan, Cataractes",1998-09-19,63,5,13,10,28,18,0.06,0.05,114,1734,0.04,0.07
2017-18 | Regular Season,"Senez, Vincent",F,N,"Shawinigan, Cataractes",1998-09-11,48,10,11,8,29,21,0.06,0.06,123,1734,0.08,0.07
2017-18 | Regular Season,"Pouliot, Xavier",D,N,"Chicoutimi, Saguenéens",1998-12-22,52,0,4,2,6,4,0.01,0.01,42,1734,0,0.02
2017-18 | Regular Season,"Imbeault, Jason",F,N,"Rimouski, Océanic",1999-01-22,21,4,1,3,8,5,0.01,0.01,26,1734,0.15,0.01
2017-18 | Regular Season,"Roy, Nicolas",F,N,"Sherbrooke, Phoenix",1999-05-19,58,2,3,4,9,5,0.01,0.01,74,1734,0.03,0.04
2017-18 | Regular Season,"Lampron, Vincent",D,N,"Gatineau, Olympiques",1998-12-09,57,3,3,3,9,6,0.02,0.01,53,1734,0.06,0.03
2017-18 | Regular Season,"Rafuse, Cole",F,N,"Acadie-Bathurst, Titan",1999-01-05,66,8,2,3,13,10,0.02,0.02,48,1734,0.17,0.03
2017-18 | Regular Season,"Cheezo, Adam",F,N,"Val-d'Or, Foreurs",1998-11-02,52,13,12,11,36,25,0.08,0.08,81,1734,0.16,0.05
2017-18 | Regular Season,"Racicot, Médérick",D,N,"Val-d'Or, Foreurs",1999-03-10,61,7,7,4,18,14,0.04,0.04,76,1734,0.09,0.04
2017-18 | Regular Season,"Lafrance, Simon",F,N,"Val-d'Or, Foreurs",1998-10-12,68,20,22,17,59,42,0.13,0.13,148,1734,0.14,0.09
2017-18 | Regular Season,"Ouellet, Nicolas",F,N,"Val-d'Or, Foreurs",1999-01-09,54,19,11,8,38,30,0.08,0.09,133,1734,0.14,0.08
2017-18 | Regular Season,"Comtois, Maxime",F,N,"Victoriaville, Tigres",1999-01-08,54,44,22,19,85,66,0.11,0.13,185,1734,0.24,0.11
2017-18 | Regular Season,"Lefebvre, Simon",F,N,"Sherbrooke, Phoenix",1999-02-03,18,0,0,1,1,0,0,0,16,1734,0,0.01
2017-18 | Regular Season,"Lessard, Antoine",F,N,"Victoriaville, Tigres",1999-01-29,1,0,0,0,0,0,0,0,0,1734,,0
2017-18 | Regular Season,"Meunier, Félix",F,N,"Acadie-Bathurst, Titan",1999-05-27,13,2,1,1,4,3,0.01,0.01,18,1734,0.11,0.01
2017-18 | Regular Season,"Klima, Kelly",F,N,"Chicoutimi, Saguenéens",1997-06-05,58,18,11,7,36,29,0.07,0.08,142,1734,0.13,0.08
2017-18 | Regular Season,"Klima, Kevin",F,N,"Chicoutimi, Saguenéens",1997-06-05,68,39,27,20,86,66,0.16,0.17,211,1734,0.18,0.12
2017-18 | Regular Season,"Manseau, Jérémy",F,N,"Shawinigan, Cataractes",1998-06-08,65,13,15,6,34,28,0.07,0.08,120,1734,0.11,0.07
2017-18 | Regular Season,"Bramwell, Connor",F,N,"Blainville-Boisbriand, Armada",1997-09-04,55,23,16,14,53,39,0.07,0.07,127,1734,0.18,0.07
2017-18 | Regular Season,"Abramov, Vitalii",F,N,"Gatineau, Olympiques",1998-05-08,56,45,47,12,104,92,0.19,0.23,215,1734,0.21,0.12
2017-18 | Regular Season,"Somppi, Otto",F,N,"Halifax, Mooseheads",1998-01-12,59,28,31,24,83,59,0.12,0.11,142,1734,0.2,0.08
2017-18 | Regular Season,"Miromanov, Daniil",D,N,"Moncton, Wildcats",1997-07-11,38,8,9,15,32,17,0.05,0.04,108,1734,0.07,0.06
2017-18 | Regular Season,"Reginato, Cole",F,N,"Saint John, Sea Dogs",1997-11-23,40,16,10,1,27,26,0.06,0.08,61,1734,0.26,0.04
2017-18 | Regular Season,"Grisé, Alexandre",F,N,"Victoriaville, Tigres",1998-10-02,59,10,5,1,16,15,0.02,0.03,86,1734,0.12,0.05
2017-18 | Regular Season,"Meisenheimer, Samuel",F,N,"Charlottetown, Islanders",1998-01-10,56,10,10,6,26,20,0.05,0.05,109,1734,0.09,0.06
2017-18 | Regular Season,"Barbosa, Ryan",D,N,"Halifax, Mooseheads",1998-01-05,38,0,5,0,5,5,0.01,0.01,34,1734,0,0.02
2017-18 | Regular Season,"Gardiner, Nolan",F,N,"Baie-Comeau, Drakkar",1998-09-09,8,1,0,0,1,1,0,0,7,1734,0.14,0
2017-18 | Regular Season,"Eastman, Austin",F,N,"Québec, Remparts",1997-05-06,18,1,1,1,3,2,0.01,0,21,1734,0.05,0.01
2017-18 | Regular Season,"Blachman, Nicholas",F,N,"Rimouski, Océanic",1998-04-11,8,1,0,0,1,1,0,0,5,1734,0.2,0
2017-18 | Regular Season,"Bernard, Xavier",D,Y,"Drummondville, Voltigeurs",2000-01-06,66,11,9,15,35,20,0.05,0.04,112,1734,0.1,0.06
2017-18 | Regular Season,"Abraham, Frédéric",F,Y,"Val-d'Or, Foreurs",2000-07-15,31,2,4,0,6,6,0.01,0.02,25,1734,0.08,0.01
2017-18 | Regular Season,"St-Laurent, Edouard",F,Y,"Baie-Comeau, Drakkar",2000-04-04,61,14,9,3,26,23,0.04,0.05,105,1734,0.13,0.06
2017-18 | Regular Season,"Groulx, Benoit-Olivier",F,Y,"Halifax, Mooseheads",2000-02-06,68,28,14,13,55,42,0.08,0.08,169,1734,0.17,0.1
2017-18 | Regular Season,"McIsaac, Jared",D,Y,"Halifax, Mooseheads",2000-03-27,65,9,22,16,47,31,0.07,0.06,178,1734,0.05,0.1
2017-18 | Regular Season,"Fortier, Gabriel",F,Y,"Baie-Comeau, Drakkar",2000-02-06,66,26,15,18,59,41,0.1,0.1,172,1734,0.15,0.1
2017-18 | Regular Season,"Bouchard, Xavier",D,Y,"Baie-Comeau, Drakkar",2000-02-28,65,3,9,9,21,12,0.04,0.03,83,1734,0.04,0.05
2017-18 | Regular Season,"Dobson, Noah",D,Y,"Acadie-Bathurst, Titan",2000-01-07,67,17,24,28,69,41,0.09,0.08,276,1734,0.06,0.16
2017-18 | Regular Season,"Laferrière, Mathias",F,Y,"Cape Breton, Screaming Eagles",2000-06-27,67,12,15,14,41,27,0.07,0.06,125,1734,0.1,0.07
2017-18 | Regular Season,"Houde, Samuel",F,Y,"Chicoutimi, Saguenéens",2000-03-08,54,16,7,9,32,23,0.06,0.06,99,1734,0.16,0.06
2017-18 | Regular Season,"Element, Shawn",F,Y,"Baie-Comeau, Drakkar",2000-04-23,62,9,7,3,19,16,0.03,0.04,116,1734,0.08,0.07
2017-18 | Regular Season,"MacDonald, Anderson",F,Y,"Moncton, Wildcats",2000-05-16,58,27,11,7,45,38,0.07,0.08,160,1734,0.17,0.09
2017-18 | Regular Season,"Mathieu, Olivier",F,Y,"Québec, Remparts",2000-02-25,66,8,9,4,21,17,0.04,0.04,66,1734,0.12,0.04
2017-18 | Regular Season,"Coxhead, Andrew",F,Y,"Québec, Remparts",2000-04-11,68,11,9,5,25,20,0.04,0.05,112,1734,0.1,0.06
2017-18 | Regular Season,"Desruisseaux, Cédric",F,Y,"Drummondville, Voltigeurs",2000-03-03,64,24,8,14,46,32,0.06,0.06,158,1734,0.15,0.09
2017-18 | Regular Season,"Alain, Marc-Olivier",D,Y,"Québec, Remparts",2000-07-06,21,0,0,0,0,0,0,0,8,1734,0,0
2017-18 | Regular Season,"MacKinnon, Evan",F,Y,"Sherbrooke, Phoenix",2000-03-02,62,7,3,8,18,10,0.03,0.02,61,1734,0.11,0.04
2017-18 | Regular Season,"Henman, Luke",F,Y,"Blainville-Boisbriand, Armada",2000-04-29,61,9,20,18,47,29,0.07,0.06,87,1734,0.1,0.05
2017-18 | Regular Season,"Arsenault, Alexis",D,Y,"Rouyn-Noranda, Huskies",2000-05-17,65,6,4,4,14,10,0.02,0.02,65,1734,0.09,0.04
2017-18 | Regular Season,"D'Amours, Anthony",D,Y,"Rimouski, Océanic",2000-03-22,53,1,1,2,4,2,0.01,0,23,1734,0.04,0.01
2017-18 | Regular Season,"Desgagnés, Mathieu",F,Y,"Chicoutimi, Saguenéens",2000-04-13,42,8,5,2,15,13,0.03,0.03,66,1734,0.12,0.04
2017-18 | Regular Season,"Tardif, Benjamin",F,Y,"Sherbrooke, Phoenix",2000-01-24,68,14,8,7,29,22,0.05,0.05,106,1734,0.13,0.06
2017-18 | Regular Season,"Desmarais, Guillaume",F,N,"Drummondville, Voltigeurs",2000-12-11,28,5,1,2,8,6,0.01,0.01,27,1734,0.19,0.02
2017-18 | Regular Season,"Marcotty, Félix-Antoine",F,N,"Chicoutimi, Saguenéens",2000-12-17,59,11,7,10,28,18,0.05,0.05,96,1734,0.11,0.06
2017-18 | Regular Season,"Lavoie, Raphaël",F,N,"Halifax, Mooseheads",2000-09-25,68,30,22,11,63,52,0.09,0.1,222,1734,0.14,0.13
2017-18 | Regular Season,"Larose, Nathan",D,N,"Saint John, Sea Dogs",2000-09-24,64,5,3,6,14,8,0.03,0.02,91,1734,0.05,0.05
2017-18 | Regular Season,"McQuaid, Chris",D,Y,"Gatineau, Olympiques",2000-01-01,68,5,4,5,14,9,0.02,0.02,65,1734,0.08,0.04
2017-18 | Regular Season,"Denny, Leon",D,Y,"Shawinigan, Cataractes",2000-01-02,60,6,5,5,16,11,0.03,0.03,70,1734,0.09,0.04
2017-18 | Regular Season,"Denis, Gabriel",F,N,"Shawinigan, Cataractes",2000-11-06,66,11,8,13,32,19,0.07,0.05,95,1734,0.12,0.05
2017-18 | Regular Season,"Doyon, Nathaniel",F,Y,"Charlottetown, Islanders",2000-01-13,50,1,2,3,6,3,0.01,0.01,36,1734,0.03,0.02
2017-18 | Regular Season,"Paré, Félix",F,Y,"Victoriaville, Tigres",2000-03-28,51,0,2,2,4,2,0.01,0,31,1734,0,0.02
2017-18 | Regular Season,"Théorêt, Frédérik",F,Y,"Shawinigan, Cataractes",2000-01-08,49,4,1,5,10,5,0.02,0.01,48,1734,0.08,0.03
2017-18 | Regular Season,"Samson, Mathieu",F,N,"Shawinigan, Cataractes",2000-11-26,36,0,2,3,5,2,0.01,0.01,63,1734,0,0.04
2017-18 | Regular Season,"Ducharme, Justin",F,Y,"Acadie-Bathurst, Titan",2000-02-22,53,11,7,5,23,18,0.03,0.03,105,1734,0.1,0.06
2017-18 | Regular Season,"Bourret, Olivier",F,Y,"Cape Breton, Screaming Eagles",2000-01-18,63,8,7,7,22,15,0.04,0.03,73,1734,0.11,0.04
2017-18 | Regular Season,"Imbeault, Anthony",F,N,"Shawinigan, Cataractes",2000-10-13,26,7,5,0,12,12,0.02,0.03,39,1734,0.18,0.02
2017-18 | Regular Season,"Crête-Belzile, Olivier",D,Y,"Sherbrooke, Phoenix",2000-09-02,67,3,10,3,16,13,0.03,0.03,54,1734,0.06,0.03
2017-18 | Regular Season,"Villeneuve, Gabriel",D,Y,"Chicoutimi, Saguenéens",2000-04-12,42,3,3,1,7,6,0.01,0.02,48,1734,0.06,0.03
2017-18 | Regular Season,"McCormick, Adam",D,Y,"Cape Breton, Screaming Eagles",2000-06-25,67,7,20,10,37,27,0.06,0.06,80,1734,0.09,0.05
2017-18 | Regular Season,"Massie, Noah",D,N,"Charlottetown, Islanders",1999-07-07,44,0,3,3,6,3,0.01,0.01,43,1734,0,0.02
2017-18 | Regular Season,"Campbell, Isiah",F,N,"Cape Breton, Screaming Eagles",2000-12-07,61,9,11,4,24,20,0.04,0.04,90,1734,0.1,0.05
2017-18 | Regular Season,"Havlena, Kyle",D,Y,"Blainville-Boisbriand, Armada",2000-06-15,44,2,3,0,5,5,0.01,0.01,51,1734,0.04,0.03
2017-18 | Regular Season,"Plamondon, Yohan",F,Y,"Saint John, Sea Dogs",2000-02-02,20,1,2,1,4,3,0.01,0.01,26,1734,0.04,0.01
2017-18 | Regular Season,"Bolduc, Samuel",D,N,"Blainville-Boisbriand, Armada",2000-12-09,57,2,3,9,14,5,0.02,0.01,51,1734,0.04,0.03
2017-18 | Regular Season,"Bergeron, Justin",D,Y,"Rouyn-Noranda, Huskies",2000-09-14,67,9,11,10,30,20,0.05,0.04,141,1734,0.06,0.08
2017-18 | Regular Season,"Caron, Thomas",F,Y,"Québec, Remparts",2000-08-29,14,0,1,1,2,1,0,0,3,1734,0,0
2017-18 | Regular Season,"Hudson, Jacob",F,N,"Moncton, Wildcats",2000-12-02,64,8,6,2,16,14,0.03,0.03,52,1734,0.15,0.03
2017-18 | Regular Season,"Roelens, Metis",F,Y,"Gatineau, Olympiques",2000-07-21,59,4,4,7,15,8,0.03,0.02,43,1734,0.09,0.02
2017-18 | Regular Season,"Boudrias, Karl",D,Y,"Rimouski, Océanic",2000-04-01,60,2,6,4,12,8,0.03,0.02,65,1734,0.03,0.04
2017-18 | Regular Season,"MacLellan, Ryan",D,Y,"Cape Breton, Screaming Eagles",2000-02-03,31,0,5,0,5,5,0.01,0.01,15,1734,0,0.01
2017-18 | Regular Season,"Cyr-Trottier, Nathan",F,Y,"Val-d'Or, Foreurs",2000-01-21,64,0,2,2,4,2,0.01,0.01,17,1734,0,0.01
2017-18 | Regular Season,"Hinam, Tyler",F,N,"Rouyn-Noranda, Huskies",1999-05-27,58,12,14,12,38,26,0.06,0.06,122,1734,0.1,0.07
2017-18 | Regular Season,"Dicaire, Derek",F,N,"Baie-Comeau, Drakkar",1999-08-18,24,1,3,3,7,4,0.01,0.01,22,1734,0.05,0.01
2017-18 | Regular Season,"Laframboise, Jérémy",F,Y,"Québec, Remparts",2000-01-04,65,4,4,1,9,8,0.02,0.02,48,1734,0.08,0.03
2017-18 | Regular Season,"Thibeault, Benjamin",D,Y,"Victoriaville, Tigres",2000-03-20,25,0,3,1,4,3,0.01,0.01,17,1734,0,0.01
2017-18 | Regular Season,"Baker, Jarrett",D,N,"Drummondville, Voltigeurs",2000-09-19,60,3,12,4,19,15,0.03,0.03,85,1734,0.04,0.05
2017-18 | Regular Season,"Fortin, Philippe",D,Y,"Val-d'Or, Foreurs",2000-01-13,24,1,1,0,2,2,0,0.01,4,1734,0.25,0
2017-18 | Regular Season,"Couture, Alexandre",F,Y,"Val-d'Or, Foreurs",2000-04-22,67,4,4,11,19,8,0.04,0.02,43,1734,0.09,0.02
2017-18 | Regular Season,"Ianniciello, Samuel",F,Y,"Rouyn-Noranda, Huskies",2000-08-02,45,1,0,1,2,1,0,0,40,1734,0.02,0.02
2017-18 | Regular Season,"Collin, Maxime",F,Y,"Blainville-Boisbriand, Armada",2000-01-25,55,11,1,3,15,12,0.02,0.02,55,1734,0.2,0.03
2017-18 | Regular Season,"McGrath, Kyle",F,N,"Cape Breton, Screaming Eagles",1999-04-16,33,4,2,0,6,6,0.01,0.01,36,1734,0.11,0.02
2017-18 | Regular Season,"Casey, Thomas",F,Y,"Charlottetown, Islanders",2000-04-10,60,8,3,1,12,11,0.02,0.03,52,1734,0.15,0.03
2017-18 | Regular Season,"Ouellet, Edouard",F,Y,"Victoriaville, Tigres",2000-01-14,54,5,4,4,13,9,0.02,0.02,51,1734,0.1,0.03
2017-18 | Regular Season,"Dignard, Carl-Olivier",F,N,"Drummondville, Voltigeurs",2000-10-05,28,2,2,0,4,4,0.01,0.01,22,1734,0.09,0.01
2017-18 | Regular Season,"Plamondon, Alex",F,Y,"Shawinigan, Cataractes",1999-10-14,58,10,3,5,18,13,0.04,0.04,68,1734,0.15,0.04
2017-18 | Regular Season,"Mason, Kevin",F,Y,"Saint John, Sea Dogs",2000-01-12,25,2,2,1,5,4,0.01,0.01,32,1734,0.06,0.02
2017-18 | Regular Season,"Savinsky, Hugo",D,Y,"Baie-Comeau, Drakkar",2000-01-18,44,1,1,5,7,2,0.01,0,25,1734,0.04,0.01
2017-18 | Regular Season,"Demers, Antoine",F,N,"Shawinigan, Cataractes",1999-04-14,67,14,12,7,33,26,0.07,0.07,104,1734,0.13,0.06
2017-18 | Regular Season,"Proulx, Gabriel",F,N,"Cape Breton, Screaming Eagles",1999-03-24,57,5,4,17,26,9,0.04,0.02,91,1734,0.05,0.05
2017-18 | Regular Season,"Ouellet, Zachary",D,Y,"Rouyn-Noranda, Huskies",1999-10-26,31,1,1,0,2,2,0,0,15,1734,0.07,0.01
2017-18 | Regular Season,"Tourigny, Félix-Antoine",F,Y,"Rouyn-Noranda, Huskies",2000-02-02,7,0,0,0,0,0,0,0,1,1734,0,0
2017-18 | Regular Season,"Dubois-Tiberghen, Simon",D,Y,"Shawinigan, Cataractes",2000-03-16,51,3,6,1,10,9,0.02,0.03,30,1734,0.1,0.02
2017-18 | Regular Season,"Drolet, Félix-Antoine",D,Y,"Acadie-Bathurst, Titan",2000-05-20,58,2,3,4,9,5,0.01,0.01,45,1734,0.04,0.03
2017-18 | Regular Season,"Lapointe, Yann-Félix",D,N,"Sherbrooke, Phoenix",1999-06-30,56,5,7,3,15,12,0.02,0.03,81,1734,0.06,0.05
2017-18 | Regular Season,"MacPhee, Ian",F,N,"Rouyn-Noranda, Huskies",1999-03-28,18,0,0,0,0,0,0,0,14,1734,0,0.01
2017-18 | Regular Season,"Giguère, Charles-Antoine",F,N,"Blainville-Boisbriand, Armada",1999-05-03,53,5,2,3,10,7,0.01,0.01,48,1734,0.1,0.03
2017-18 | Regular Season,"Haché, Olivier-Luc",F,N,"Rouyn-Noranda, Huskies",2000-10-04,21,0,1,1,2,1,0,0,6,1734,0,0
2017-18 | Regular Season,"Marleau, Vincent",F,N,"Rouyn-Noranda, Huskies",1999-07-05,67,6,6,6,18,12,0.03,0.03,82,1734,0.07,0.05
2017-18 | Regular Season,"Dadadzhanov, Renat",D,N,"Shawinigan, Cataractes",1999-06-13,55,0,6,3,9,6,0.02,0.02,54,1734,0,0.03
2017-18 | Regular Season,"Malatesta, Domenic",F,N,"Acadie-Bathurst, Titan",1999-07-09,45,2,4,6,12,6,0.02,0.01,41,1734,0.05,0.02
2017-18 | Regular Season,"Fox, Casey",F,N,"Moncton, Wildcats",1998-10-14,27,3,1,0,4,4,0.01,0.01,19,1734,0.16,0.01
2017-18 | Regular Season,"Gaudreau, Adam",D,Y,"Victoriaville, Tigres",1999-12-28,24,0,1,1,2,1,0,0,7,1734,0,0
2017-18 | Regular Season,"Hudgin, Nathan",F,N,"Drummondville, Voltigeurs",1997-11-29,57,18,11,7,36,29,0.05,0.06,134,1734,0.13,0.08
2017-18 | Regular Season,"Chekhovich, Ivan",F,N,"Baie-Comeau, Drakkar",1999-01-04,65,29,19,12,60,48,0.1,0.11,209,1734,0.14,0.12
2017-18 | Regular Season,"Koltygin, Pavel",F,N,"Drummondville, Voltigeurs",1999-02-17,64,17,14,11,42,31,0.06,0.06,111,1734,0.15,0.06
2017-18 | Regular Season,"Alexeyev, Yaroslav",F,N,"Sherbrooke, Phoenix",1999-01-17,63,20,16,17,53,36,0.09,0.08,152,1734,0.13,0.09
2017-18 | Regular Season,"Kurashev, Philipp",F,Y,"Québec, Remparts",1999-10-12,59,19,22,19,60,41,0.1,0.09,189,1734,0.1,0.11
2017-18 | Regular Season,"Kosorenkov, Ivan",F,N,"Victoriaville, Tigres",1998-01-22,63,36,25,21,82,61,0.11,0.12,174,1734,0.21,0.1
2017-18 | Regular Season,"Rubtsov, German",F,N,"Acadie-Bathurst, Titan",1998-06-27,49,15,13,15,43,28,0.08,0.07,104,1734,0.14,0.06
2017-18 | Regular Season,"Vesterinen, Saku",D,N,"Charlottetown, Islanders",1999-02-28,59,7,12,16,35,19,0.06,0.05,116,1734,0.06,0.07
2017-18 | Regular Season,"Mikhnin, Denis",F,N,"Rimouski, Océanic",1999-07-11,64,15,13,11,39,28,0.06,0.06,146,1734,0.1,0.08
2017-18 | Regular Season,"Glotov, Vasily",F,N,"Shawinigan, Cataractes",1997-09-04,64,29,5,9,43,34,0.09,0.1,209,1734,0.14,0.12
2017-18 | Regular Season,"Le Coultre, Simon",D,N,"Moncton, Wildcats",1999-08-09,61,3,11,8,22,14,0.04,0.03,123,1734,0.02,0.07
2017-18 | Regular Season,"Kozlov, Ivan",F,N,"Val-d'Or, Foreurs",1999-03-26,66,17,12,7,36,29,0.08,0.09,133,1734,0.13,0.08
2017-18 | Regular Season,"Drozg, Jan",F,N,"Shawinigan, Cataractes",1999-04-01,61,16,22,12,50,38,0.1,0.11,121,1734,0.13,0.07
2017-18 | Regular Season,"Zachar, Marek",F,N,"Sherbrooke, Phoenix",1998-06-11,57,24,7,17,48,31,0.08,0.07,180,1734,0.13,0.1
2017-18 | Regular Season,"Gawanke, Leon",D,N,"Cape Breton, Screaming Eagles",1999-05-31,62,4,17,11,32,21,0.05,0.05,179,1734,0.02,0.1
2017-18 | Regular Season,"Mizyurin, Maxim",F,N,"Val-d'Or, Foreurs",1998-03-25,36,16,10,7,33,26,0.07,0.08,84,1734,0.19,0.05
2017-18 | Regular Season,"Smith, Tyler",D,N,"Saint John, Sea Dogs",1999-08-26,55,0,3,1,4,3,0.01,0.01,20,1734,0,0.01
2017-18 | Regular Season,"Robert, Félix",F,N,"Sherbrooke, Phoenix",1999-07-24,66,14,16,16,46,30,0.08,0.07,140,1734,0.1,0.08
2017-18 | Regular Season,"Kielb, Darien",D,N,"Gatineau, Olympiques",1999-03-18,64,5,5,7,17,10,0.03,0.02,76,1734,0.07,0.04
2017-18 | Regular Season,"Senken, Connor",D,Y,"Sherbrooke, Phoenix",1999-10-31,51,1,4,1,6,5,0.01,0.01,55,1734,0.02,0.03
2017-18 | Regular Season,"Michel, Bryson",D,Y,"Saint John, Sea Dogs",1999-09-27,0,0,0,0,0,0,0,0,0,1734,,0
2017-18 | Regular Season,"Roy, Charles-Antoine",F,N,"Gatineau, Olympiques",1999-02-18,66,10,7,4,21,17,0.04,0.04,62,1734,0.16,0.04
2017-18 | Regular Season,"Malo, Alec",F,N,"Gatineau, Olympiques",1999-07-30,60,7,1,5,13,8,0.02,0.02,51,1734,0.14,0.03
2017-18 | Regular Season,"Monette, Simon",D,N,"Chicoutimi, Saguenéens",1999-08-12,52,0,2,1,3,2,0.01,0.01,33,1734,0,0.02
2017-18 | Regular Season,"Denis, Louis-Philippe",F,N,"Rimouski, Océanic",1998-12-29,50,2,5,0,7,7,0.01,0.02,59,1734,0.03,0.03
2017-18 | Regular Season,"O'Bonsawin, Ryan",D,N,"Gatineau, Olympiques",1999-03-13,0,0,0,0,0,0,0,0,0,1734,,0
2017-18 | Regular Season,"Arsenault, Jacob",D,N,"Moncton, Wildcats",1999-04-13,60,1,0,3,4,1,0.01,0,25,1734,0.04,0.01
2017-18 | Regular Season,"DaSilva, Ryan",D,N,"Blainville-Boisbriand, Armada",1998-03-26,54,6,8,5,19,14,0.03,0.03,78,1734,0.08,0.04
2017-18 | Regular Season,"Cavalleri, Marco",F,N,"Victoriaville, Tigres",1999-09-05,37,2,3,0,5,5,0.01,0.01,37,1734,0.05,0.02
2017-18 | Regular Season,"Hatto, Samuel",F,Y,"Gatineau, Olympiques",1999-10-23,66,8,1,4,13,9,0.02,0.02,45,1734,0.18,0.03
2017-18 | Regular Season,"Hardie, Daniel",F,N,"Charlottetown, Islanders",1998-06-11,68,25,15,13,53,40,0.1,0.1,196,1734,0.13,0.11
2017-18 | Regular Season,"Drew, Hunter",D,N,"Charlottetown, Islanders",1998-10-21,64,8,11,20,39,19,0.07,0.05,188,1734,0.04,0.11
2017-18 | Regular Season,"Stewart, Chase",D,N,"Rimouski, Océanic",1997-04-19,53,5,12,12,29,17,0.05,0.04,108,1734,0.05,0.06
2017-18 | Regular Season,"MacLeod, Gregor",F,N,"Charlottetown, Islanders",1998-06-07,54,19,16,10,45,35,0.08,0.09,128,1734,0.15,0.07
2017-18 | Regular Season,"Quinney, Landon",F,N,"Saint John, Sea Dogs",1998-04-27,27,2,2,1,5,4,0.01,0.01,29,1734,0.07,0.02
2017-18 | Regular Season,"Dickner, Samuel",F,Y,"Baie-Comeau, Drakkar",1999-12-10,54,4,4,0,8,8,0.01,0.02,69,1734,0.06,0.04
2017-18 | Regular Season,"Lynch, Robert",F,N,"Drummondville, Voltigeurs",1998-06-16,67,28,28,11,67,56,0.09,0.11,198,1734,0.14,0.11
2017-18 | Regular Season,"Blackmore, G",F,N,"Moncton, Wildcats",1999-09-13,56,3,5,4,12,8,0.02,0.02,42,1734,0.07,0.02
2017-18 | Regular Season,"Lazure, Justin",F,N,"Cape Breton, Screaming Eagles",1999-02-05,46,2,1,0,3,3,0,0.01,37,1734,0.05,0.02
2017-18 | Regular Season,"Lafrenière, Alexis",F,N,"Rimouski, Océanic",2001-10-11,60,42,23,15,80,65,0.13,0.15,205,1734,0.2,0.12
2017-18 | Regular Season,"Poulin, Samuel",F,N,"Sherbrooke, Phoenix",2001-02-25,55,16,20,9,45,36,0.07,0.08,169,1734,0.09,0.1
2017-18 | Regular Season,"Pelletier, Jakob",F,N,"Moncton, Wildcats",2001-03-07,60,23,19,19,61,42,0.1,0.09,160,1734,0.14,0.09
2017-18 | Regular Season,"Parent, Xavier",F,N,"Halifax, Mooseheads",2001-03-23,63,13,9,7,29,22,0.04,0.04,118,1734,0.11,0.07
2017-18 | Regular Season,"Guenette, Maxence",D,N,"Val-d'Or, Foreurs",2001-04-28,61,1,7,4,12,8,0.03,0.02,77,1734,0.01,0.04
2017-18 | Regular Season,"Légaré, Nathan",F,N,"Baie-Comeau, Drakkar",2001-01-11,62,10,9,10,29,19,0.05,0.04,95,1734,0.11,0.05
2017-18 | Regular Season,"Merisier-Ortiz, Christopher",D,N,"Baie-Comeau, Drakkar",2001-01-17,62,2,6,7,15,8,0.03,0.02,25,1734,0.08,0.01
2017-18 | Regular Season,"Mercer, Dawson",F,N,"Drummondville, Voltigeurs",2001-10-27,61,11,8,7,26,19,0.04,0.04,98,1734,0.11,0.06
2017-18 | Regular Season,"Simoneau, Xavier",F,N,"Drummondville, Voltigeurs",2001-05-19,61,17,13,15,45,30,0.06,0.06,119,1734,0.14,0.07
2017-18 | Regular Season,"Inniss, Christopher",D,N,"Rimouski, Océanic",2001-01-22,52,1,1,3,5,2,0.01,0,26,1734,0.04,0.01
2017-18 | Regular Season,"Peach, Bailey",F,N,"Sherbrooke, Phoenix",2001-03-08,49,3,2,2,7,5,0.01,0.01,47,1734,0.06,0.03
2017-18 | Regular Season,"Bizier, Mathieu",F,N,"Rimouski, Océanic",2001-05-13,64,10,10,4,24,20,0.04,0.04,74,1734,0.14,0.04
2017-18 | Regular Season,"Barron, Justin",D,N,"Halifax, Mooseheads",2001-11-15,51,2,12,7,21,14,0.03,0.03,55,1734,0.04,0.03
2017-18 | Regular Season,"Laaouan, Noah",D,N,"Cape Breton, Screaming Eagles",2001-03-07,49,2,4,8,14,6,0.02,0.01,45,1734,0.04,0.03
2017-18 | Regular Season,"Kalmikov, Brooklyn",F,N,"Cape Breton, Screaming Eagles",2001-04-21,58,18,8,10,36,26,0.06,0.06,105,1734,0.17,0.06
2017-18 | Regular Season,"Bellamy, Jaxon",D,N,"Moncton, Wildcats",2001-01-22,52,4,1,5,10,5,0.02,0.01,46,1734,0.09,0.03
2017-18 | Regular Season,"Michel, Jérémy",F,N,"Val-d'Or, Foreurs",2001-05-02,65,6,9,8,23,15,0.05,0.05,70,1734,0.09,0.04
2017-18 | Regular Season,"Dubé, Pierrick",F,N,"Québec, Remparts",2001-01-07,39,3,0,1,4,3,0.01,0.01,32,1734,0.09,0.02
2017-18 | Regular Season,"Pelletier, Thomas",D,N,"Drummondville, Voltigeurs",2001-08-23,42,2,4,3,9,6,0.01,0.01,32,1734,0.06,0.02
2017-18 | Regular Season,"Francis, Ryan",F,N,"Cape Breton, Screaming Eagles",2001-12-02,58,11,9,14,34,20,0.05,0.04,94,1734,0.12,0.05
2017-18 | Regular Season,"Beaucage, Alex",F,N,"Rouyn-Noranda, Huskies",2001-07-25,56,13,8,16,37,21,0.06,0.05,133,1734,0.1,0.08
2017-18 | Regular Season,"Budgell, Brett",F,N,"Charlottetown, Islanders",2001-06-01,32,10,8,4,22,18,0.04,0.05,63,1734,0.16,0.04
2017-18 | Regular Season,"Gallant, Carson",D,N,"Gatineau, Olympiques",2001-01-11,24,0,0,1,1,0,0,0,7,1734,0,0
2017-18 | Regular Season,"Martin, Jérémy",F,N,"Shawinigan, Cataractes",2001-02-15,34,4,0,3,7,4,0.01,0.01,35,1734,0.11,0.02
2017-18 | Regular Season,"Desroches, Olivier",D,N,"Acadie-Bathurst, Titan",2001-03-27,55,0,4,6,10,4,0.02,0.01,25,1734,0,0.01
2017-18 | Regular Season,"Chisholm, Logan",F,N,"Acadie-Bathurst, Titan",2001-08-08,51,5,1,5,11,6,0.02,0.01,31,1734,0.16,0.02
2017-18 | Regular Season,"Allepot, Anthony",D,N,"Val-d'Or, Foreurs",2001-04-27,58,0,1,4,5,1,0.01,0,26,1734,0,0.01
2017-18 | Regular Season,"Bernard, Jacob",D,N,"Rimouski, Océanic",2001-02-20,17,0,2,0,2,2,0,0,9,1734,0,0.01
2017-18 | Regular Season,"Belley-Pelletier, Gabriel",D,N,"Shawinigan, Cataractes",2001-05-30,1,0,0,0,0,0,0,0,0,1734,,0
2017-18 | Regular Season,"Stewart, Cole",F,N,"Halifax, Mooseheads",2001-08-01,6,0,0,0,0,0,0,0,1,1734,0,0
2017-18 | Regular Season,"Cormier, Xavier",F,N,"Québec, Remparts",2001-05-30,1,0,0,0,0,0,0,0,1,1734,0,0
2017-18 | Regular Season,"Horvath, Jason",D,Y,"Shawinigan, Cataractes",2000-03-24,48,3,9,4,16,12,0.03,0.03,31,1734,0.1,0.02
2017-18 | Regular Season,"Montreuil, Gabriel",F,N,"Québec, Remparts",2001-03-09,2,0,0,0,0,0,0,0,1,1734,0,0
2017-18 | Regular Season,"Sibley, Brendan",D,N,"Saint John, Sea Dogs",2001-04-26,30,1,1,2,4,2,0.01,0.01,8,1734,0.12,0
2017-18 | Regular Season,"Joncas, Alexandre",D,N,"Sherbrooke, Phoenix",2001-03-22,68,1,5,9,15,6,0.02,0.01,44,1734,0.02,0.03
2017-18 | Regular Season,"Soucy, Ludovic",F,N,"Rimouski, Océanic",2001-03-23,40,4,2,3,9,6,0.01,0.01,47,1734,0.09,0.03
2017-18 | Regular Season,"MacIntosh, Aiden",F,N,"Saint John, Sea Dogs",2001-04-05,29,4,2,2,8,6,0.02,0.02,17,1734,0.24,0.01
2017-18 | Regular Season,"Melançon, Max-Antoine",F,N,"Shawinigan, Cataractes",2001-03-19,22,3,1,2,6,4,0.01,0.01,20,1734,0.15,0.01
2017-18 | Regular Season,"Boulianne, Mathieu",F,N,"Shawinigan, Cataractes",2001-03-26,24,1,4,1,6,5,0.01,0.01,26,1734,0.04,0.01
2017-18 | Regular Season,"Boissonneault, Mathieu",F,Y,"Blainville-Boisbriand, Armada",2000-04-16,56,3,6,0,9,9,0.01,0.02,30,1734,0.1,0.02
2017-18 | Regular Season,"Petten, Kyle",F,N,"Halifax, Mooseheads",2001-01-10,44,2,2,2,6,4,0.01,0.01,16,1734,0.12,0.01
2017-18 | Regular Season,"Hébert, Jérémie",D,N,"Baie-Comeau, Drakkar",2001-11-19,30,0,0,2,2,0,0,0,12,1734,0,0.01
2017-18 | Regular Season,"Nault-Daigle, Ludovick",F,N,"Shawinigan, Cataractes",2001-10-03,0,0,0,0,0,0,0,0,0,1734,,0
2017-18 | Regular Season,"Fraser, Cole",F,N,"Blainville-Boisbriand, Armada",2001-01-24,2,0,0,0,0,0,0,0,1,1734,0,0
2017-18 | Regular Season,"Tremblay, Charles",F,N,"Chicoutimi, Saguenéens",2000-10-17,24,0,2,1,3,2,0.01,0.01,22,1734,0,0.01
2017-18 | Regular Season,"Virtue, Braeden",D,N,"Québec, Remparts",2001-01-22,27,0,0,3,3,0,0.01,0,19,1734,0,0.01
2017-18 | Regular Season,"Wilson, Luke",F,N,"Saint John, Sea Dogs",2001-03-01,38,5,2,1,8,7,0.02,0.02,46,1734,0.11,0.03
2017-18 | Regular Season,"DeGagné, Alex",D,Y,"Shawinigan, Cataractes",2000-02-15,50,0,7,3,10,7,0.02,0.02,44,1734,0,0.03
2017-18 | Regular Season,"Hart, Gavin",F,N,"Halifax, Mooseheads",2001-05-10,2,0,0,0,0,0,0,0,1,1734,0,0
2017-18 | Regular Season,"Bennett, Zachery",D,Y,"Acadie-Bathurst, Titan",2000-07-02,9,0,1,0,1,1,0,0,1,1734,0,0
2017-18 | Regular Season,"Dion, Benjamin",F,N,"Val-d'Or, Foreurs",2001-04-04,59,2,2,2,6,4,0.01,0.01,35,1734,0.06,0.02
2017-18 | Regular Season,"Lavoie, Jean-Mathieu",D,N,"Sherbrooke, Phoenix",1998-09-10,5,0,0,0,0,0,0,0,0,1734,,0
2017-18 | Regular Season,"Lafond, Jérôme",D,Y,"Shawinigan, Cataractes",2000-08-20,0,0,0,0,0,0,0,0,0,1734,,0
2017-18 | Regular Season,"Beaudoin, Tommy",F,N,"Rouyn-Noranda, Huskies",1999-03-15,66,18,6,6,30,24,0.05,0.05,127,1734,0.14,0.07
2017-18 | Regular Season,"Maurovic, Dallas",F,N,"Chicoutimi, Saguenéens",1999-04-30,4,0,0,0,0,0,0,0,1,1734,0,0
2017-18 | Regular Season,"Gladu, Zachary",F,N,"Val-d'Or, Foreurs",1998-01-20,17,1,1,0,2,2,0,0.01,15,1734,0.07,0.01
2017-18 | Regular Season,"Kurbatov, Egor",F,N,"Victoriaville, Tigres",1999-05-17,18,1,0,0,1,1,0,0,14,1734,0.07,0.01
2017-18 | Regular Season,"Wieringa, Jack",D,N,"Moncton, Wildcats",1998-03-27,16,0,0,1,1,0,0,0,4,1734,0,0
2017-18 | Regular Season,"Kuzmin, Daniil",F,N,"Moncton, Wildcats",1999-05-20,48,2,4,3,9,6,0.01,0.01,47,1734,0.04,0.03
2017-18 | Regular Season,"Dunn, Sam",D,N,"Québec, Remparts",1998-03-11,66,7,14,11,32,21,0.05,0.05,73,1734,0.1,0.04
2017-18 | Regular Season,"Khovanov, Alexander",F,Y,"Moncton, Wildcats",2000-04-12,29,9,9,10,28,18,0.04,0.04,67,1734,0.13,0.04
2017-18 | Regular Season,"Zavgorodniy, Dmitry",F,Y,"Rimouski, Océanic",2000-08-11,62,26,13,8,47,39,0.08,0.09,146,1734,0.18,0.08
2017-18 | Regular Season,"Zadina, Filip",F,Y,"Halifax, Mooseheads",1999-11-27,57,44,20,18,82,64,0.12,0.12,234,1734,0.19,0.13
2017-18 | Regular Season,"Eckl, Bastian",F,Y,"Drummondville, Voltigeurs",2000-08-27,46,3,7,8,18,10,0.02,0.02,59,1734,0.05,0.03
2017-18 | Regular Season,"Dajcar, Tomas",D,Y,"Québec, Remparts",2000-02-02,42,2,1,2,5,3,0.01,0.01,32,1734,0.06,0.02
2017-18 | Regular Season,"Shestopalov, Mikhail",F,Y,"Gatineau, Olympiques",2000-01-25,59,6,14,5,25,20,0.05,0.05,66,1734,0.09,0.04
2017-18 | Regular Season,"Kotkov, Vladislav",F,Y,"Chicoutimi, Saguenéens",2000-01-08,61,21,22,6,49,43,0.09,0.11,175,1734,0.12,0.1
2017-18 | Regular Season,"Sokolov, Egor",F,Y,"Cape Breton, Screaming Eagles",2000-06-07,64,21,8,13,42,29,0.07,0.06,170,1734,0.12,0.1
2017-18 | Regular Season,"Ivan, Michal",D,Y,"Acadie-Bathurst, Titan",1999-11-18,48,3,6,8,17,9,0.02,0.02,40,1734,0.08,0.02
2017-18 | Regular Season,"Hladonik, Jan",F,N,"Blainville-Boisbriand, Armada",1999-08-18,56,4,10,5,19,14,0.03,0.03,82,1734,0.05,0.05
2017-18 | Regular Season,"Hrehorcak, Patrik",F,N,"Rouyn-Noranda, Huskies",1999-03-18,63,25,14,9,48,39,0.08,0.09,186,1734,0.13,0.11
2017-18 | Regular Season,"Alexandrov, Nikita",F,N,"Charlottetown, Islanders",2000-09-16,66,13,14,4,31,27,0.06,0.07,175,1734,0.07,0.1
2017-18 | Regular Season,"Safin, Ostap",F,N,"Saint John, Sea Dogs",1999-02-11,61,26,20,12,58,46,0.12,0.13,224,1734,0.12,0.13
2017-18 | Regular Season,"Roganov, Danil",D,Y,"Shawinigan, Cataractes",2000-06-28,0,0,0,0,0,0,0,0,0,1734,,0
2017-18 | Regular Season,"Anttalainen, Aleksi",D,N,"Blainville-Boisbriand, Armada",1999-03-28,61,4,7,11,22,11,0.03,0.02,87,1734,0.05,0.05
2017-18 | Regular Season,"Salda, Radim",D,N,"Saint John, Sea Dogs",1999-02-18,62,10,16,15,41,26,0.09,0.08,146,1734,0.07,0.08
2017-18 | Regular Season,"McKenna, Colton",F,N,"Moncton, Wildcats",1999-08-17,17,0,2,0,2,2,0,0,11,1734,0,0.01
2017-18 | Regular Season,"Kyte, Patrick",D,N,"Halifax, Mooseheads",1999-03-29,56,5,5,5,15,10,0.02,0.02,45,1734,0.11,0.03
2017-18 | Regular Season,"Jarry, Loïc",D,Y,"Val-d'Or, Foreurs",2000-07-08,41,1,0,1,2,1,0,0,14,1734,0.07,0.01
2017-18 | Regular Season,"Figueira, Damian",D,N,"Drummondville, Voltigeurs",1998-11-24,6,0,0,0,0,0,0,0,3,1734,0,0
2017-18 | Regular Season,"Skubel, Brandon",F,Y,"Drummondville, Voltigeurs",1999-10-02,60,11,6,9,26,17,0.04,0.03,79,1734,0.14,0.05
2017-18 | Regular Season,"Pataki, Brady",F,N,"Moncton, Wildcats",1998-10-03,47,8,6,1,15,14,0.02,0.03,85,1734,0.09,0.05
2017-18 | Regular Season,"Ouellet, Nathan",F,Y,"Rimouski, Océanic",2000-05-25,41,1,0,3,4,1,0.01,0,28,1734,0.04,0.02
2017-18 | Regular Season,"Vaysberg, David",F,N,"Shawinigan, Cataractes",2000-12-15,8,0,1,0,1,1,0,0,0,1734,,0
2017-18 | Regular Season,"Clavelle, Brendon",D,N,"Charlottetown, Islanders",1999-09-10,56,0,4,3,7,4,0.01,0.01,78,1734,0,0.04
2017-18 | Regular Season,"MacRae, Riley",F,N,"Moncton, Wildcats",1998-03-28,22,1,0,2,3,1,0,0,20,1734,0.05,0.01
2017-18 | Regular Season,"Tucker, Jack",D,Y,"Moncton, Wildcats",2000-05-26,53,2,2,2,6,4,0.01,0.01,37,1734,0.05,0.02
2017-18 | Regular Season,"Kreutzer, Gregory",D,Y,"Drummondville, Voltigeurs",2000-05-24,53,1,6,2,9,7,0.01,0.01,37,1734,0.03,0.02
2017-18 | Regular Season,"Bowman, Parker",F,N,"Rimouski, Océanic",1999-07-09,58,2,4,4,10,6,0.02,0.01,46,1734,0.04,0.03
2017-18 | Regular Season,"Paré, Mathieu",D,N,"Shawinigan, Cataractes",2000-10-03,0,0,0,0,0,0,0,0,0,1734,,0
2017-18 | Regular Season,"Hungerbuhler, Tyler",D,Y,"Saint John, Sea Dogs",2000-03-02,24,0,1,0,1,1,0,0,10,1734,0,0.01
2017-18 | Regular Season,"Gursoy, Kevin",F,N,"Saint John, Sea Dogs",1999-08-04,60,11,4,3,18,15,0.04,0.04,86,1734,0.13,0.05
2017-18 | Regular Season,"Duchesne, Samuel",D,N,"Chicoutimi, Saguenéens",1999-05-29,37,0,1,0,1,1,0,0,37,1734,0,0.02
2017-18 | Regular Season,"Ton, Cayse",F,N,"Charlottetown, Islanders",1999-07-28,60,5,1,1,7,6,0.01,0.02,49,1734,0.1,0.03
2017-18 | Regular Season,"Allison, Jaimen",D,Y,"Charlottetown, Islanders",1999-11-01,0,0,0,0,0,0,0,0,0,1734,,0
2017-18 | Regular Season,"Egan, Taylor",D,N,"Charlottetown, Islanders",1998-06-09,50,4,4,2,10,8,0.02,0.02,44,1734,0.09,0.03
2017-18 | Regular Season,"Dunda, Liam",F,N,"Moncton, Wildcats",1997-09-15,33,4,5,4,13,9,0.02,0.02,56,1734,0.07,0.03
2017-18 | Regular Season,"Berube, Marcel",F,Y,"Charlottetown, Islanders",1999-12-14,31,1,3,1,5,4,0.01,0.01,17,1734,0.06,0.01
2017-18 | Regular Season,"West, Kyle",F,N,"Charlottetown, Islanders",1998-03-28,5,0,0,0,0,0,0,0,3,1734,0,0
2017-18 | Regular Season,"Hanna, Quinn",D,N,"Blainville-Boisbriand, Armada",1999-04-14,32,2,1,1,4,3,0.01,0.01,43,1734,0.05,0.02
2017-18 | Regular Season,"Burt, Robbie",F,N,"Saint John, Sea Dogs",1999-05-29,55,14,4,8,26,18,0.06,0.05,103,1734,0.14,0.06
2017-18 | Regular Season,"Deakin-Poot, Nicholas",F,N,"Saint John, Sea Dogs",1999-01-28,18,2,3,1,6,5,0.01,0.01,15,1734,0.13,0.01
2017-18 | Regular Season,"Finoro, Giordano",F,N,"Gatineau, Olympiques",1998-05-17,57,16,16,7,39,32,0.07,0.08,85,1734,0.19,0.05
2017-18 | Regular Season,"Seitz, Dylan",F,N,"Moncton, Wildcats",1999-01-15,57,17,9,5,31,26,0.05,0.06,95,1734,0.18,0.05
2017-18 | Regular Season,"Sparkes, Sullivan",F,N,"Charlottetown, Islanders",1999-05-04,60,14,10,5,29,24,0.05,0.06,99,1734,0.14,0.06
2017-18 | Regular Season,"Stevens, Liam",F,N,"Chicoutimi, Saguenéens",1999-04-23,61,10,2,5,17,12,0.03,0.03,90,1734,0.11,0.05
2017-18 | Regular Season,"Johnson, Kolby",F,N,"Sherbrooke, Phoenix",1998-05-12,41,1,1,0,2,2,0,0,37,1734,0.03,0.02
2017-18 | Regular Season,"Kirwan, Luke",F,N,"Baie-Comeau, Drakkar",1997-09-23,47,21,7,9,37,28,0.06,0.07,160,1734,0.13,0.09
2017-18 | Regular Season,"Smith, Ryan",F,N,"Chicoutimi, Saguenéens",1999-06-04,54,5,3,5,13,8,0.02,0.02,67,1734,0.07,0.04
2017-18 | Regular Season,"Auger, Kyle",D,N,"Moncton, Wildcats",1999-01-02,13,1,1,0,2,2,0,0,18,1734,0.06,0.01
2017-18 | Regular Season,"O'Reilly, Brendan",D,N,"Saint John, Sea Dogs",1997-05-15,31,1,1,3,5,2,0.01,0.01,28,1734,0.04,0.02
2017-18 | Regular Season,"Peyton, Liam",F,Y,"Charlottetown, Islanders",2000-03-30,38,1,3,1,5,4,0.01,0.01,39,1734,0.03,0.02
2017-18 | Regular Season,"Anderson, Joshua",D,N,"Rimouski, Océanic",1999-06-14,19,0,0,2,2,0,0,0,12,1734,0,0.01
2017-18 | Regular Season,"Sandilands, Roddie",D,N,"Shawinigan, Cataractes",1999-06-14,25,0,4,0,4,4,0.01,0.01,18,1734,0,0.01
2017-18 | Regular Season,"Templeton, Stephen",D,N,"Chicoutimi, Saguenéens",1997-01-26,29,1,4,2,7,5,0.01,0.01,27,1734,0.04,0.02
2017-18 | Regular Season,"Martin, Calvin",F,Y,"Val-d'Or, Foreurs",1999-09-16,28,2,2,1,5,4,0.01,0.01,31,1734,0.06,0.02
